instance_id,canonical_smiles
CHEMBL1384221,FC(F)(F)c1cccc(c1)C(=O)c2c[nH]c(c2)C(=O)NCCCN3CCOCC3
CHEMBL3319491,CC(Nc1cc(F)cc(Cl)c1)C2=CC(=CN3C(=O)C=C(N=C23)N4CCOCC4)C(=O)N(C)C
CHEMBL183903,C[C@@H]1OC(=O)[C@H]2C[C@H]3CCCC[C@@H]3C(CCC4CCC(C)(C)N4C)[C@@H]12
CHEMBL3702250,CN(C)CC#CCNC(=O)c1sc2ncnc(Nc3ccc(F)cc3OC(CF)CF)c2c1C
CHEMBL62778,COc1ccc2c(c1)nc(N3CCNCC3)n2Cc4ccccc4
CHEMBL3311487,FC(F)(F)S(=O)(=O)c1cc(ccc1N[C@H](CCN2CCOCC2)CSc3ccccc3)S(=O)(=O)NC(=O)c4ccc(cc4)N5CCC(CC5)Sc6ccccc6c7ccc(Cl)cc7
CHEMBL3317816,CC(C)(C)OC(=O)NCC[C@@H]1NC(=O)[C@]2(C)CSC(=N2)c3csc(CNC(=O)C[C@H](OC1=O)\C=C\CCS)n3
CHEMBL1567320,CCOC(=O)C1(C)N(C(=O)C(=C1N=Nc2ccc(cc2)S(=O)(=O)N)O)c3ccccc3
CHEMBL378187,CC(O)c1cnc(N2CCN([C@H](C)C2)c3nc4c(cc(cc4[nH]3)C(F)(F)F)c5cc(F)c(F)c(F)c5)c(c1)C(F)(F)F
CHEMBL3683439,COc1ccc(C)cc1Oc2ccc(cc2C#N)S(=O)(=O)Nc3ccc(F)cn3
CHEMBL3982707,Cc1onc(C)c1Cn2cc(NC(=O)C3(CC3)c4ccccc4)cn2
CHEMBL388824,CC(C)(C)c1ccc(CNC(=S)NCc2ccc(NS(=O)(=O)C)c(F)c2)cc1
CHEMBL386824,CC(C)[C@H](NC(=O)[C@H](CC(=O)N)NC(=O)[C@@H](NC(=O)[C@@H]1CCCN1C(=O)[C@@H](NC(=O)[C@@H](N)Cc2ccc(O)cc2)C(C)C)[C@@H](C)O)C(=O)NCC(=O)N[C@@H](CO)C(=O)N[C@@H](CCCCN)C(=O)N[C@@H](C)C(=O)N[C@@H](Cc3ccccc3)C(=O)O
CHEMBL2356688,C[C@@H](CO)N1C[C@H](C)[C@H](CN(C)S(=O)(=O)c2ccccc2)OCCCC[C@H](C)Oc3ccc(NC(=O)Nc4ccc(cc4)C(F)(F)F)cc3C1=O
CHEMBL339806,CCCCNC(=O)c1ccc(Br)c(c1)N2N=C(CC)N(Cc3ccc(cc3F)c4ccccc4S(=O)(=O)NC(=O)OC(C)(C)C)C2=O
CHEMBL1923449,Cc1ccc2sc(cc2c1)S(=O)(=O)N[C@H]3CCCN(CC(=O)N4CCCC4)C3=O
CHEMBL3335407,Ic1ccc(NCc2ccc(CN3CCOCC3)cc2)cc1
CHEMBL3673626,CC(C)n1ncc2cc(NC(=O)c3ccc4cc5C(=O)NC[C@H](C)n5c4n3)cnc12
CHEMBL3125315,[2H]C([2H])([2H])Oc1ccc(cc1)C([2H])([2H])c2cc(ccc2Cl)[C@]3([2H])O[C@H](CO)[C@@H](O)[C@H](O)[C@H]3O
CHEMBL195138,COC(=O)C1C2CCC3CC1\C(=C\c4ccc(cc4)c5cccc(c5)C(F)(F)F)\CN23
CHEMBL3703950,CN(C)[C@H]1CCN(C1)c2cnc3ccc(Sc4nnc5c(F)cc(cn45)c6cnn(C)c6)cc3c2
CHEMBL3682377,CN1C(=O)CCc2ccc(NC(=O)N[C@@H]3C[C@@](C)(CF)Oc4cc(ccc34)C(F)(F)F)cc12
CHEMBL411565,CC(C)C[C@H](NC(=O)[C@@H](Cc1ccc(NC(=O)C)cc1)NC(=O)[C@@H](Cc2ccc(CNC(=O)[C@@H]3CC(=O)NC(=O)N3)cc2)NC(=O)[C@H](CO)NC(=O)[C@@H](Cc4cccnc4)NC(=O)[C@@H](Cc5ccc(Cl)cc5)NC(=O)[C@@H](Cc6ccc7ccccc7c6)NC(=O)C)C(=O)N[C@@H](CCCCNC(C)C)C(=O)N8CCC[C@H]8C(=O)N[C@H](C)C(=O)N
CHEMBL186773,CCCCN1Cc2ccccc2N(C3CCN(CC3)C4CCC(CC4)C(C)C)S1(=O)=O
CHEMBL1235787,C[C@H](N)P(=O)(O)C[C@@H](Cc1ccccc1)C(=O)N[C@@H](Cc2ccccc2)C(=O)O
CHEMBL2003274,C[C@]12CC[C@H]3[C@@H](CCC4=CC(=O)CC[C@]34C)[C@@H]1C\C(=C/c5ccncc5)\C2=O
CHEMBL3084767,CC(C)C[C@H]1COCCN1c2oc3cccc(C(=O)N[C@@H]4C[C@H]5CCC[C@@H](C4)N5C)c3n2
CHEMBL1707818,Cc1oc(\C=C\2/S\C(=C(\C#N)/C(=O)c3ccccc3)\N(CC=C)C2=O)cc1
CHEMBL200680,CC(=O)Nc1cc2ncccc2cc1\C=C\C(=O)N3C4CCC3CN(Cc5ccc(F)cc5)C4
CHEMBL1491778,Cl.OCCCCNCc1ccc(OCc2ccccc2Cl)cc1
CHEMBL1445402,CCC1Oc2ccccc2N(CC(=O)NCc3ccc(C)cc3)C1=O
CHEMBL2018467,Fc1ccc(Oc2ccc(NC(=O)[C@H](COCc3ccccc3)NC(=O)Cc4cnc[nH]4)cc2)cc1
CHEMBL342959,NC[C@@H]1O[C@H]([C@H](O)[C@@H]1O)n2nc(Br)c3c(N)ncnc23
CHEMBL2182091,O=C(Nc1ccccc1)c2cccc(Nc3ccc4C(=O)CCCCc4c3)c2
CHEMBL2047988,Cc1onc(NC(=O)Nc2ccc(Oc3ccnc(c3)c4ncc([nH]4)C(F)(F)F)cc2)c1
CHEMBL3642726,CCS(=O)(=O)N[C@@H]1CC[C@@H](CCN2CCN(CC2)c3nccc4OCCc34)CC1
CHEMBL1498543,COc1ccc(N2C(=Nc3ccc(cc3C2=O)[N+](=O)[O-])CN4CCC(CC4)C(=O)N)c(OC)c1
CHEMBL2315636,OC(=O)C1CCCN(CCC\C=C\c2ccccc2c3ccccc3Cl)C1
CHEMBL4075186,Nc1sc(c2ccc(cc2)C(=O)NCCCCCCCNc3ncnc4c3ncn4[C@@H]5O[C@H](CO)[C@@H](O)[C@H]5O)c(c6cccc(c6)C(F)(F)F)c1C(=O)c7ccccc7
CHEMBL461101,CC1=NN(C(=O)/C/1=N\Nc2cccc(c2O)c3cccc(c3)C(=O)O)c4ccc(C)c(C)c4
CHEMBL1611186,Cn1c(CSc2nc3cc(Br)ccc3[nH]2)nc4ccccc14
CHEMBL4081900,CC(C)C[C@H](NC(=O)[C@@H](NC(=O)[C@@H](N)Cc1ccc(O)cc1)C(C)C)C(=O)NCC(=O)N2CCC[C@H]2C(=O)N[C@@H](Cc3ccccc3)C(=O)N[C@@H](CC(C)C)C(=O)N[C@@H](Cc4ccccc4)C(=O)N[C@@H](CC(=O)O)C(=O)N[C@@H](CCCNC(=N)N)C(=O)N[C@@H](Cc5ccccc5)C(=O)NCC(=O)N
CHEMBL364556,[O-][N+](=O)c1ccc(CSc2ncnc3c2ncn3Cc4ccc(F)cc4)cc1
CHEMBL1326044,O=C(CNS(=O)(=O)c1ccccc1)OCC(=O)c2ccc(OC(=O)c3ccccc3)cc2
CHEMBL543383,Cl.Fc1ccc(Cc2ccc(cc2)C3CCN(C\C=C\c4ccccc4)CC3)cc1
CHEMBL1501993,COc1ccc(CNC(=O)C2=CC3=C(N=C4N(C=CC=C4C)C3=O)N(CC5CCCO5)C2=N)cc1
CHEMBL1304837,Cc1onc(C)c1S(=O)(=O)Nc2ccc(cc2)C(=O)N3CCN(CC3)c4ccc(Cl)cc4
CHEMBL370379,Cn1nc(N)c2cc(nnc12)c3c(nn4ccccc34)c5ccccc5
CHEMBL1461638,Cl.COc1ccc(cc1)C2NCc3ccccc3n4cccc24
CHEMBL2019092,COCCN1C(=O)C(=CC2=C1CCCCCC2)C(=O)NC3(CCCCC3)C(=O)O
CHEMBL231962,O=C1NC(=S)S/C/1=C\c2c(SCc3occc3)n(nc2c4ccccc4)C5CCCCC5
CHEMBL3220121,C(COc1ccc(cc1)C2=NC3(CCCCC3)CO2)CN4CCCCC4
CHEMBL102150,CCCCN(CC)C(=O)c1ccc(cc1)[C@@H](N2C[C@@H](C)N(CC=C)C[C@@H]2C)c3cccc(OC)c3
CHEMBL3692005,Cc1cccc(Cl)c1Cn2nc(C)c3ccc(CC(=O)O)cc23
CHEMBL3983231,Fc1ccc(NC2CCC(CC2)c3nnn4cnc5[nH]ccc5c34)cc1
CHEMBL1080286,COc1cccc(CN(C2CC2)C(=O)c3nc4ccc(cc4s3)c5cn[nH]c5)c1
CHEMBL215168,CCCN1CCC(CC1)NC(=O)NC23CC4CC(CC(C4)C2)C3
CHEMBL2113266,NS(=O)(=O)c1ccc(cc1)n2cc(CO[C@@H]3O[C@H](CO)[C@@H](O[C@H]4O[C@H](CO)[C@@H](O)[C@H](O)[C@H]4O)[C@H](O)[C@H]3O)nn2
CHEMBL196860,C[C@@H]1CN(Cc2ccc(F)cc2)CCN1C(=O)\C=C\c3ccc(Cl)cc3NC(=O)N
CHEMBL2204979,CS(=O)(=O)N1CCC(=CC1)c2cc3C[C@@H](Oc3cn2)C4CCN(CC4)c5ncc(cc5F)C(F)(F)F
CHEMBL437364,Cc1oc2ccc(cc2c1)C(\C=C/COc3ccc(OCC(=O)O)c(C)c3)C#Cc4ccc(F)cc4
CHEMBL194632,COc1ccccc1C2CCN(CC2)C(=O)N[C@@H](Cc3cc(Br)c(O)c(Br)c3)C(=O)N[C@H](CCCCN)C(=O)N4CCN(CC4)c5ccncc5
CHEMBL516635,Clc1cccc(c1)n2cc(nn2)c3ccccc3NCc4ccnc5ccccc45
CHEMBL2332792,Cc1cccc(c1)C2CC2NCCO[C@H]3CNC[C@H]3Cc4cc(C)cc(N)n4
CHEMBL1525072,Cc1onc(c1C(=O)OCC(=O)c2c(C)[nH]c3ccccc23)c4c(F)cccc4Cl
CHEMBL3951517,COCCNCc1ccc(cc1)C(=O)Nc2sc(nc2C(=O)N)c3ccncc3
CHEMBL131949,OC(=O)CCCCO\N=C(/c1ccccc1)\c2cncnc2
CHEMBL1341396,CCc1cccc(NC(=O)CN2C(=O)Oc3cc(ccc23)S(=O)(=O)N4CCOCC4)c1
CHEMBL1951291,CN1CCN(Cc2ccc(cc2)c3cc(Cl)c(c(Cl)c3)S(=O)(=O)Nc4c(C)nn(C)c4C)CC1
CHEMBL286161,CCOC(=O)c1ccc(cc1)C(N2CCN(CC=C)CC2)c3ccccc3
CHEMBL576231,Cc1nc2cc(ccc2s1)c3nnn(c3C)c4cccnc4
CHEMBL1390841,Cc1cccc(NC(=O)CCN2CCOCC2)c1
CHEMBL39532,NC(Cc1nc2ccccc2n1CP(=O)(O)O)C(=O)O
CHEMBL3084817,O=C(CN[C@]12C[C@H]3C[C@@H](C1)C[C@](C3)(C2)OC(=O)NC4CCCCC4)N5CCC[C@H]5C#N
CHEMBL3927130,C[C@H](Nc1nc(N)nc(N)c1C#N)C2=Nc3cccc(c3C(=O)N2c4cccnc4)C(F)(F)F
CHEMBL3684926,CC(O)[C@H]1CNC[C@@H](O)[C@@H]1O
CHEMBL3702114,C(N1CCNCC1)c2ccc(Nc3ncc4c5ccncc5n(C6CCCC6)c4n3)nc2
CHEMBL1834437,CC(C)[C@H](NC(=O)c1ccc(cc1)c2ccc(NC(=O)Nc3ccc(F)cc3)nc2)C(=O)O
CHEMBL25205,CC1CCN(CCCOc2ccc(cc2)c3ccc(cc3)C(=O)N4[C@@H](C)CC[C@@H]4C)CC1
CHEMBL1503301,CCOC(=O)c1c(NC(=O)C)sc2c(O)c(Br)ccc12
CHEMBL1516835,COc1ccc(cc1CSc2ccccn2)C3Nc4ccccc4C(=O)N3Cc5ccccc5
CHEMBL3680631,CC#CCn1c(nc2N(C)C(=O)N(Cc3cc(C#N)c4ccccc4n3)C(=O)c12)N5CCC[C@H](C5)NC(=O)OC(C)(C)C
CHEMBL382789,CCCc1c(OCCCN(C)c2ccc(CC(=O)O)c(c2)C(F)(F)F)ccc3c(noc13)C(F)(F)F
CHEMBL1224371,CC(C)(C)C(=O)Nc1ccc2ncn(Cc3cccc(c3)c4cccc5OCOc45)c2c1
CHEMBL570108,CCCCCOC(=O)N1CCN(CC1)C(=O)[C@H](CCC(=O)O)NC(=O)c2nc(cc(n2)c3ccccc3)N4CCN(CC4)C(=O)C
CHEMBL557032,O=C(NC1CC1c2ccccc2)N3CCC(CC3)c4onc(n4)c5cnccn5
CHEMBL386281,Fc1ccc2C(=O)C=C(Oc2c1)C(=O)NC3CCN(Cc4ccc5C=CC(=O)Oc5c4)CC3
CHEMBL2158069,CCCOc1cc(ccc1OC)[C@H]2CNC(=O)C2
CHEMBL3924193,COc1ccc(Oc2nc3ccccc3nc2C(=O)Nc4cccc(c4)S(=O)(=O)N)cc1F
CHEMBL591686,Clc1cnc(Oc2ccc(CC3SC(=O)NC3=O)cc2)c(Cl)c1
CHEMBL1544968,CN1C(=O)Oc2cc(ccc12)S(=O)(=O)NCCC(=O)N3CCC(=CC3)c4ccccc4
CHEMBL1088848,Fc1ccc(CN2C(=O)Cc3cccc(\C=C\C(=O)NS(=O)(=O)c4cccc(Cl)c4)c23)cc1F
CHEMBL202723,CCCC[C@H](NC(=O)O[C@@H]1C(=O)N(CC1(C)C)C(=O)c2cccnc2)C(=O)C(=O)N[C@H](C)c3ccccc3
CHEMBL3915971,COc1ccc(CCCO)cc1NC(=O)c2cnn3cccnc23
CHEMBL208457,CNc1ccc(\C=C\C=C\C=C\c2ccc(NC)cc2)cc1
CHEMBL1440156,O=C(CSc1nc2cc3OCCOc3cc2cc1C#N)N4CCCC4
CHEMBL1835761,O=C(N[C@@H]1CCCc2cc(CN3CCCCC3)ccc12)c4ccc(cc4)C5=CSc6ccccc6C5=O
CHEMBL3199821,Cc1ccccc1\C=N\n2c(S)nnc2COc3ccccc3
CHEMBL3679250,CCCC(=O)c1cnc2ccc(cc2c1Nc3ccc(nc3)N4CCNCC4)c5cc(F)c(O)c(Cl)c5
CHEMBL271759,Brc1ccccc1NC(=O)c2nc3ccccc3n4cncc24
CHEMBL3144850,COc1cccc(CN2NC(=C(Cc3ccc4OCOc4c3)C2=O)c5ccc(cc5)[N+](=O)[O-])c1
CHEMBL3098851,OC(=O)c1ccc(CN2\C(=N\c3ccccc3)\S\C(=C/c4cccc(OCCc5ccccc5)c4)\C2=O)cc1
CHEMBL3700512,OC(=O)c1ccc2c(c1)nc(Nc3cc(F)cc(F)c3)c4ccsc24
CHEMBL2323501,COc1ccc2c(c1)c(CC(=O)NS(=O)(=O)c3ccc(Oc4ccccc4)cc3)cn2C(=O)c5ccc(Cl)cc5
CHEMBL1504858,CCOC(=O)N1CCN(CC1)C(=S)NC(=O)c2ccc(Br)cc2
CHEMBL1079557,Clc1ccc(CNC(=O)C[C@@H]2C\C=C\CCCCC(=O)OCCNC2=O)cc1
CHEMBL219011,C[C@H]1CN2CCCC[C@@H]2C[C@@]1(C)c3cccc(O)c3
CHEMBL1773115,Cc1onc(NC(=O)CS(=O)(=O)c2cn(Cc3cc(ccc3F)c4cn[nH]c4)c5ccccc25)c1
CHEMBL133433,CCCN(CCC)C[C@@H]1C[C@@H]1c2ccccc2O
CHEMBL3827363,Nc1ccc(cc1NC(=O)C2COc3ccccc3C2)c4ccc(F)cc4
CHEMBL1578505,COc1ccc(cc1)C(N(Cc2ccccc2)C(=O)c3nsc(Cl)c3Cl)C(=O)NC4CCCC4
CHEMBL1522133,CCN1C(=S)NC(=O)\C(=C/c2ccc3N(CCCCl)CCc3c2)\C1=O
CHEMBL4103188,CNC(=O)Cn1ncc2nccc(Nc3cc(ncc3C)c4cc(C)ccc4F)c12
CHEMBL3656015,ONC(=O)c1cnc(NC2(CC2)c3cc(Cl)cc(Cl)c3)nc1
CHEMBL3674305,CN(C)CC1CCN(CC1)c2c(cnc3ccc(cc23)c4ccc(O)c(c4)C(F)(F)F)C(=O)C5CC5
CHEMBL57494,COc1ccc2sc(cc2c1)C3CCN(C[C@H](O)COc4cccc5[nH]ccc45)CC3
CHEMBL200028,CC(C)(C)c1nc(cc(n1)C(F)(F)F)N2CCN(CCCCN3C=CC(=NC3=O)c4ccccc4)CC2
CHEMBL245966,CCNC(=O)c1cncc(\C=C\c2c[nH]nc2c3nc4ccc(OC)cc4[nH]3)c1
CHEMBL213416,CNC[C@H](Cc1ccccc1)N(C)C[C@@H](Cc2ccc(O)cc2)N(C)C[C@@H](Cc3ccc(O)cc3)N(C)C
CHEMBL1760426,CCCCN(c1cccc(c1C)c2ccc(C)cc2)S(=O)(=O)c3ccc(OC(C)C(=O)O)c(C)c3C
CHEMBL59271,CN(CCc1ccccn1)c2cc(cc(n2)c3ccc(O)c(C)c3)c4ccccc4
CHEMBL1532220,Cn1cc(CCNC(=O)c2ccc3nc(Cc4ccccc4F)oc3c2)cn1
CHEMBL1945037,O[C@@H](CNCCc1cccc(CNCCCc2ccccc2)c1)c3ccc(O)c4NC(=O)Sc34
CHEMBL3771012,CCOc1cccc(Cc2cnc(NC(=O)CSc3nc(C)cc(C)n3)s2)c1
CHEMBL3984395,COC(=O)Nc1n[nH]c2cc(NC(=O)NCc3ccccc3OC(F)F)ncc12
CHEMBL1576671,Cl.N=C1SC=CN1CC(=O)Nc2ccccc2Sc3ccccc3
CHEMBL3963858,COC1CCCC(C1)c2cnc(N)c(n2)c3ccc(C(=O)NCc4ccccc4)c(F)c3
CHEMBL2260476,O[C@@H]1Cc2c(O)cc(O)cc2O[C@@H]1c3cc(O)c(O)c4C(=O)C(=CC=Cc34)O
CHEMBL1472004,COc1ccccc1NS(=O)(=O)c2ccc(Cl)c(NC(=S)NC(=O)C3CCCC3)c2
CHEMBL3628706,NC(=N)NC(=N)NCc1ccccc1
CHEMBL1304360,O=C(CNc1ccccc1)NN=C2CCCC2
CHEMBL440520,CSCC[C@H](NC(=O)[C@@H]1Cc2ccccc2CN1C(=O)[C@@H](NCc3c[nH]cn3)C(C)C)C(=O)O
CHEMBL212667,Cc1cccc(COc2ccc(Br)cc2Cn3nc(cc3C)C(=O)O)c1
CHEMBL3400206,CCC(C)CNCCN(C(=O)[C@@H]1C[C@H]1c2ccccc2)c3ccc(cc3)c4ccccc4
CHEMBL2431203,C[C@@H](NC(=O)c1ccc(cn1)C#CC2CC2)C(C)(C)O
CHEMBL1405858,[O-][N+](=O)c1ccc(cc1N2CCOCC2)N3CCN(CC3)C(=O)c4cccc(F)c4
CHEMBL3918651,CC1(O)CCN(CC1)C(=O)c2ccc(nc2)c3cc4c(ccnc4[nH]3)c5cccc(N6CCOc7cc(ccc7C6=O)C8CC8)c5CO
CHEMBL1418311,COc1ccc(cc1OC)S(=O)(=O)N(CCc2ccccc2)CC(=O)Nc3ccc(C)c(C)c3
CHEMBL1452843,CC(C)c1cc(nc(N)n1)C(=O)N2CCc3c([nH]c4ccccc34)C2c5cccc(C)n5
CHEMBL1299969,CN1CCN(CC1)C(=O)c2cc(Cl)ccc2Cl
CHEMBL228815,CC(=O)N1N=C(C[C@H]1c2ccccc2)c3cc(F)ccc3F
CHEMBL1571869,Cc1ccc(SCc2cc(O)nc(Nc3nc(C)c4ccccc4n3)n2)cc1
CHEMBL1223420,CNC(=O)[C@H](NC(=O)c1oc(cc1)c2cccc(CNC(=O)c3ccnc(Cl)n3)c2)C4CCCCC4
CHEMBL1528034,OC(=O)CCCC(=O)Nc1ccc(OCc2nc3ccccc3s2)cc1
CHEMBL100965,CC(C)CC(NC(=O)[C@H](Cc1c[nH]cn1)NC(=O)[C@@H](N)Cc2ccccc2)C(O)CC(=O)N[C@@H](CC(C)C)C(=O)N[C@@H](Cc3ccccc3)C(=O)N
CHEMBL1513149,CC(C)(C)OC1C2C(CC(O)CC=C)C3C(C2CC(O)CC=C)C13
CHEMBL444620,COC(=O)CN1C(=O)C2(CCN(Cc3ccc4ccccc4c3)CC2)c5ccccc15
CHEMBL239353,CC(C)c1ccc(cc1)c2ncc(C)c(n2)N(C)CCCOc3ccc4[C@H](CC(=O)O)CCc4c3
CHEMBL333309,Cc1nc2cc(C(=O)c3ccc(Nc4ccc(F)cc4F)nc3)c(Cl)cc2[nH]1
CHEMBL1323799,O=C(OCc1nc2ccccc2s1)c3cccc(c3)S(=O)(=O)N4CCOCC4
CHEMBL4107869,Cn1cc(cn1)c2cc3c(n[nH]c3cn2)c4cccc(n4)N5CCC[C@@](C)(O)C5
CHEMBL4080925,NC1=NC(=CN2C(=O)N(N=C12)c3ccccc3)c4ccccc4
CHEMBL372895,O=C(NC1CN2CCC1CC2)c3csc(n3)c4ccccc4
CHEMBL242937,C[C@@H](N1CC=CC[C@H](NC(=O)c2ccc3ccccc3c2)C1=O)C(=O)N[C@H]4CC(=O)OC4O
CHEMBL135198,CCOC(=O)C(Cc1ccc(cc1)C(=N)N)NC(=O)CNS(=O)(=O)c2ccc(cc2)C#N
CHEMBL2397380,Cl.CN1CCc2ccc(C)c3c2[C@H]1Cc4ccc(O)c(O)c34
CHEMBL3981461,CC(=O)N1CCN(CC1)C(=O)N2CC[C@](C2)(c3ccc(cc3)C(OCC4CCN(C4)C(=O)OC(C)(C)C)(C(F)(F)F)C(F)(F)F)S(=O)(=O)c5ccc(F)cc5
CHEMBL247718,FC(F)(F)Oc1ccc2C(=N)N(Cc3cccc(Cl)c3)Cc2c1
CHEMBL443643,CCCC(CCC)C(=O)OCC1(CO)C\C(=C\c2ccncc2)\C(=O)O1
CHEMBL3192479,FC(F)(F)c1ccccc1\C=N\n2c(S)nnc2C3CCCCC3
CHEMBL1311615,COc1ccc(CCC(C)Nc2ccc(F)c(F)c2)cc1
CHEMBL3685708,Nc1nn(CCN2CCOCC2)c(N)c1c3nc4ccccc4s3
CHEMBL1382512,CCCN1C(=O)c2ccccc2n3c(SCN4C(=O)c5ccccc5C4=O)nnc13
CHEMBL3655081,CCCS(=O)(=O)N[C@@H]1C[C@@H](C1)N(C)c2ncnc3[nH]ccc23
CHEMBL358644,NC(=S)C1=Cc2ccc(O)cc2OC1=O
CHEMBL306001,COc1ccccc1c2ccc(C[C@H](NC(=O)Cc3ccccc3Cl)C(=O)O)cc2
CHEMBL322291,OC(=O)C1C=CCN2N1C(=O)N(CS)C2=O
CHEMBL387783,Cc1cccc(c1)c2c(C)c3C(=O)N(CCc3n2c4ccc(Cl)cc4Cl)C5CCCCC5
CHEMBL3642027,COC(=O)CNC1CCN(CC1)c2ccc(Nc3ncc4c5ccncc5n(C6CCCC6)c4n3)nc2
CHEMBL1204401,Cl.FC(F)(F)c1ccc(Nc2ncnc3cc(ccc23)c4ncccc4C(F)(F)F)cn1
CHEMBL101785,COc1ccc(cc1)\C(=C\CCCCC(=O)O)\c2cccnc2
CHEMBL3898993,CNc1nc2ccc(F)cc2n1c3nc4N5CCOC[C@H]5COc4c(n3)C6(CCC6)S(=O)(=O)C
CHEMBL4096682,CCN(CC)C1CCN(C1)C(=O)c2cc(OCc3onc(C)c3)n(n2)c4ccc(cc4)C#N
CHEMBL462192,CC(C)n1c(C)ncc1c2nc(Nc3ccc(cc3)C(=O)N4CCCN(C)CC4)ncc2F
CHEMBL1684064,CN1C(=O)C=C(Nc2ccc(I)cc2F)C3=C1N=CN(C[C@H](O)CO)C3=O
CHEMBL3911782,O=C(CN1C(=O)COc2ccccc12)N3CCN(CC3)c4scnc4c5nc6ccccc6[nH]5
CHEMBL3681339,CC(C)(C)n1c(nc2cc(ccc12)c3cnc(N)nc3)c4ccccc4C(=O)NC5CCNCC5
CHEMBL3703724,COc1ccc(cc1)c2nn([C@H]3[C@H](O)Cc4c(F)cc(F)cc34)c5CCN(Cc25)C(=O)C
CHEMBL2112509,CCOC(=O)[C@H]1CC2C[C@@H](CC1N2C)OC(c3ccc(F)cc3)c4ccc(F)cc4
CHEMBL2420824,Clc1cccc(Cl)c1C(=O)Nc2ccnc(Nc3ccccn3)c2
CHEMBL1347555,CC(=O)Nc1sc(C)c(C)c1C(=O)OCCOc2ccccc2
CHEMBL1446126,CN(Cc1ccc(OC(F)F)cc1)C(=O)c2ccc3nccnc3c2
CHEMBL407658,CCN[C@H](CN[C@H](CN[C@H](CN[C@H](CN[C@H](CN[C@H](CN)CCSC)Cc1ccc(O)cc1)Cc2ccccc2)Cc3ccccc3)Cc4ccc(O)cc4)Cc5ccc(O)cc5
CHEMBL454913,CC[C@@H]1[C@@H](C)[C@H](Nc2ccccc2)c3ccccc3N1C(=O)Nc4cccc(Cl)c4
CHEMBL470317,O=C1Cc2cc(Nc3ncc(C#N)c(NCc4ccccn4)n3)ccc2N1
CHEMBL1305131,Oc1ccccc1C(=O)CC2=NCCNC(C2)c3ccccc3
CHEMBL3198037,Clc1ccc(cc1)S(=O)(=O)\N=C/2\N(C(=O)Nc3ccccc23)c4ccccc4
CHEMBL184712,Cc1ccc(NC(=O)c2cc(F)cc(c2)N3CCCC3)cc1NC(=O)c4ccc(OCc5ccccn5)cc4
CHEMBL2030603,COc1c(Cl)cc(cc1Cl)C2C(=CNC=C2C(=O)OC\C=C\c3ccccc3)C(=O)O
CHEMBL338967,OCC(CO)NN1C(=O)c2c(C1=O)c3c4ccc(O)cc4n([C@@H]5OC[C@@H](O)[C@H](O)[C@H]5O)c3c6[nH]c7cc(O)ccc7c26
CHEMBL3697477,CCN(C1CCOCC1)c2cc(cc(C(=O)NCC3=C(C)C=C(C)NC3=O)c2C)c4ccc(CN5CCCOCC5)cc4
CHEMBL232096,OC[C@H]1O[C@H]([C@H](O)[C@@H]1O)n2cnc3c(Nc4ccc5ccccc5n4)nc(nc23)n6cc(CO)cn6
CHEMBL1528768,CCCCCCOC(=O)Sc1oc2ccccc2n1
CHEMBL3702580,CS(=O)(=O)c1cc(ccc1C#N)c2ccc(C[C@H](NC(=O)[C@]34CCC[C@@H](CN3)C4)C#N)cc2
CHEMBL1774349,CCNC(=O)Nc1ccc(cc1)c2nc(N3CCOCC3)c4sc(cc4n2)C(C)(C)O
CHEMBL1800694,FC(F)(F)c1cnc(N2CCCN(CC2)c3nc(ns3)c4ccccc4)c(Cl)c1
CHEMBL3692333,CC(C)[C@H](CO)NCc1nc(ccc1F)C(=C)c2ccccc2
CHEMBL3658640,Cc1cc(ccn1)c2n[nH]c3cc(NC(=O)N[C@@H]4CCc5ccc(F)cc45)ncc23
CHEMBL2310882,COC(=O)C1[C@H]2CCC(C[C@@H]1c3ccc(\C=C/c4ccccc4)cc3)N2C
CHEMBL1472492,CCCCCCCCCCCCCCCC[n+]1ccn(Cc2ccccc2)c1C
CHEMBL3967884,CN(C1(CC1)C(=O)NC2C3CC4CC2CC(C4)(C3)C(=O)N)S(=O)(=O)c5ccccc5F
CHEMBL3897126,CN(C)CCCn1c(NC(=O)c2ccc3cc4C(=O)NCC5(CCNCC5)Cn4c3c2)nc6ccccc16
CHEMBL3184833,Cc1cc(Br)cn2c(Cc3cccc(F)c3)c(nc12)c4occc4
CHEMBL3654446,CC1(C)OB(OC1(C)C)c2ccc(OC(F)(F)F)cc2CSc3ccc(cn3)C(=O)Nc4ccc(F)cc4
CHEMBL193010,Oc1cccc(c1)c2ccc3c(O)cccc3c2
CHEMBL3127500,CS(=O)(=O)c1cccc(c1)S(=O)(=O)c2ccc(NC(=O)[C@@H]3C[C@H]3c4cccnc4)cc2
CHEMBL1234200,CS(=O)(=O)c1cccc(c1)c2cc(ncn2)N3CC[C@@H]([C@@H](N)C3)c4cc(F)c(F)cc4F
CHEMBL2170417,Oc1cc(Nc2ncc(F)c(Nc3ccccc3Cl)n2)ccc1c4nnn[nH]4
CHEMBL3660098,Cc1onc(C)c1S(=O)(=O)Nc2cc(cnc2C)C#Cc3c(C)ncnc3N4CCOCC4
CHEMBL1421998,COc1ccc(cc1)S(=O)(=O)NCc2ccc(cc2)C(=O)N3CCc4ccccc4C3
CHEMBL3800585,C[C@H]1CN(CCN1)c2cccc3nc(c4nc(cnc4N)c5cc(ccn5)C(=O)N(C)C)n(C)c23
CHEMBL3717745,CC(C)Nc1nc2cc(ncc2nc1N3CCC(CC3)C(=O)c4cc(F)cc(F)c4)C#N.OC(=O)C(F)(F)F
CHEMBL1779953,C[C@@]1(O)[C@H](O)[C@](C)([NH+]=C2N1C=Cc3ccccc23)C(=O)[O-]
CHEMBL1809049,COc1cc(OC2CCN(CC2)C(=O)C)ccc1Nc3ncc(Cl)c(n3)c4cnc5ccccn45
CHEMBL512644,ONC(=O)CCCCCCC(=O)Nc1ccc(cc1)c2ccccc2
CHEMBL1524963,CCOc1ccccc1NC(=O)CCS(=O)(=O)c2ccc(OC)cc2
CHEMBL1486558,CSc1nc(C)c(Cl)c(C)c1C#N
CHEMBL396182,OC(=O)Cc1cccn1c2ccc3OCCOc3c2
CHEMBL126019,O[C@@H](CN1CCC2(CC1)CCc3ccccc23)c4cccc(Br)c4
CHEMBL522259,CC(C)c1nnc(C)n1C2CCN(CC2)C(C)C[C@H](NC(=O)C3CCC(F)(F)CC3)c4ccccc4
CHEMBL1464038,CCc1ccc(cc1)N2C(=O)c3cc(N4CCOCC4)c(cc3C2=O)[N+](=O)[O-]
CHEMBL360352,Cc1ccc(cc1)c2nc(C(=O)NN3CCCCC3)n(C)c2c4ccc(C)cc4
CHEMBL1559327,C(Sc1nnc(c2ccccc2)n1Cc3occc3)\C=C\c4ccccc4
CHEMBL1347467,Sc1nnc(CCNC(=O)c2cccs2)n1CC=C
CHEMBL117094,CS(=O)(=O)c1ccccc1NCC2=NCCN2
CHEMBL527031,COc1cccc2c3C(=O)N(C=Cc3n(CCN4CCOCC4)c12)[C@H]5[C@@]6(C)CC[C@H](C6)C5(C)C
CHEMBL160743,CSc1ccc(NC2=C(C(=O)NC2=O)c3cccc(Cl)c3)cc1
CHEMBL1454712,CCCN(CCO)CCCc1ccccc1
CHEMBL3897215,CCN1CCCC(C1)c2nc(COc3cc4ncnc(Nc5ccc(Cl)c(Cl)c5)c4cc3OC)cs2
CHEMBL1557105,Cc1ccc(cc1)n2nnc3c(SCC(=O)NCC4CCCO4)ncnc23
CHEMBL3931178,CC#CCn1c(nc2N(C)C(=O)N(Cc3nc(cc4ccccc34)C(F)(F)F)C(=O)c12)N5CCC[C@@H](N)C5
CHEMBL562873,CCN(CC)C(=O)c1ccc(cc1F)C2=CC3(CCNCC3)Oc4ccccc24
CHEMBL253499,CCC(NC1=C(Nc2cccc(C(=O)N(C)C)c2O)C(=O)C1=O)c3occ(c3)c4ccccc4
CHEMBL1480725,Cc1ccc2N3C(=NC=C(NC(=O)c4ccc(F)cc4)C3=O)Sc2c1
CHEMBL3221826,CC(C)c1cc2N(Cc3ccccc3)C(=O)Nc2c(N)n1
CHEMBL138987,COc1ccccc1Sc2ccc(\C=C\C(=O)N3CCOCC3)cc2Cl
CHEMBL2435178,OC(=O)Cc1ccccc1Nc2c(Cl)cc(Br)cc2Cl
CHEMBL3220144,COc1ccc(\C=C\c2cc(OC)ccc2OC)c(OC)c1
CHEMBL3717001,CC1(COCc2ccc3C4=CC(=NC(=O)N4CCc3c2)OC[C@@H]5COCCO5)COC1
CHEMBL542951,Cl.NC(=N)N1CCCC(CNC(=O)[C@H](Cc2c[nH]c3ccccc23)NS(=O)(=O)c4ccc5ccccc5c4)C1
CHEMBL3933426,CC(C)C[C@@H](CO)Nc1ccc(cc1[N+](=O)[O-])S(=O)(=O)NC(=O)c2ccc(cc2Oc3ccc4[nH]ccc4c3)N5CCN(CC6=C(CC(C)(C)CC6)c7ccc(Cl)cc7)CC5
CHEMBL1332619,Clc1cccc(NC(=S)NC(=O)C2CC2)c1Cl
CHEMBL1784388,Cc1nc2ccccc2n1C3CC4CCC(C3)N4CC(=O)C5(CCN(CC5)C(=O)C(C)(C)C)c6ccccc6
CHEMBL212861,CO\N=C(/CCN1CCN(CC1)c2ccccn2)\c3cccc(C)c3
CHEMBL3893071,Cc1cc(N)nc(C)c1CNC(=O)c2cnn(Cc3cccc(c3)C(=O)N)c2
CHEMBL157710,OC(=O)c1cnc2cc(OCc3ccccc3)ccc2c1O
CHEMBL373831,ONC(=O)C1(CCN(Cc2ccccc2)CC1)S(=O)(=O)c3ccc(OCC#C)cc3
CHEMBL1996724,CC(=O)Nc1ccc(NC2=C\C(=N\S(=O)(=O)c3cccs3)\c4ccccc4C2=O)cc1
CHEMBL1510579,CCCCN=C(S)NNC(=O)c1csc(C)c1CC
CHEMBL1467520,CC1CCN(CC1)c2nc3ccccc3nc2C(C#N)C(=O)OC4CCCCC4
CHEMBL1502830,Cl.CC(NCc1ccc(OCc2ccc(Cl)cc2)cc1)C(O)c3ccccc3
CHEMBL1384512,CC(C)CN=C(S)N1CCN(CC1)C(c2ccccc2)c3ccccc3
CHEMBL1307390,COc1ccc(cc1)N2N=C(C(=O)NCC(=O)Nc3ccccn3)c4ccccc4C2=O
CHEMBL4110382,CC(C(=O)Nc1cncnc1)c2ccc(O[C@@H]3CCN(C3)c4ccc(OCC5CC5(F)F)cn4)cc2
CHEMBL3098146,CC1(C)OC(=O)N([C@@H]2CC[C@H](CC2)c3ccc(N)nc3)[C@H]1c4ccccc4
CHEMBL1475265,COC(=O)c1sccc1S(=O)(=O)N(CC(=O)Nc2cc(F)ccc2F)c3ccc(C)c(C)c3
CHEMBL128717,CCCN(CCC)C(CC)Cc1ccc(OC)c(OCCc2ccccc2)c1
CHEMBL1367539,CCCCCC(=O)Nc1ccccc1N2CCN(CC2)c3ccccc3
CHEMBL285673,Cc1ccc(CN2CCC(CCOC(c3ccc(F)cc3)c4ccc(F)cc4)CC2)cc1
CHEMBL2207563,C[C@@H](C#N)n1cc(nn1)[C@@](C)(NC(=O)c2ccsc2)[C@@H]3CC[C@@H](C)CC3
CHEMBL1512474,COc1cc(OC)c(NC(=O)c2cc3C(=O)Oc4ccc(C)cc4c3s2)cc1Cl
CHEMBL3759913,Clc1ccc(O[C@@H](CCOc2ccc(CC3SC(=O)NC3=O)cc2)c4ccccc4)cc1
CHEMBL248411,Cc1ccc(cc1)c2nc(CCOc3ccc4[C@H](CC(=O)O)CCc4c3)c(C)s2
CHEMBL3682150,O=C(N1CC(C1)c2nc3ccccc3cc2c4ccccc4)c5nc6ccccc6[nH]5
CHEMBL226066,C[C@H]1CN(CC[C@@]12C=Cc3ccccc23)[C@@H]4CC[C@@](C)(C4)C(=O)NCc5cc(cc(c5)C(F)(F)F)C(F)(F)F
CHEMBL60167,Nc1c2Cc3ccccc3c2nc4ccccc14
CHEMBL486850,FC(F)(F)c1cc(CN2CCCC2)cc(NC(=O)Nc3ncc(CCNc4ncnc5ccsc45)s3)c1
CHEMBL2048040,CC(C)(C)c1cccc(CN[C@H]2CS(=O)(=O)C[C@@H](Cc3cc(F)c(N)c(OC4CCC4)c3)[C@@H]2O)c1
CHEMBL1601736,CCc1nn2c(ccnc2c1c3ccc(F)cc3)c4occc4
CHEMBL6452,Cl.C[C@@H](N)Cc1c2CCOc2c(c3CCOc13)C(F)(F)F
CHEMBL1923130,COCCCc1cc(CCCNS(=O)(=O)C)c(Cl)c(CN(C2CC2)C(=O)[C@H]3CNCC[C@@]34OCc5cc(F)c(F)cc45)c1
CHEMBL147868,Oc1ccc(CNC(=O)C(=O)c2c[nH]c3ccccc23)cc1
CHEMBL1806511,C[C@@H]1CN(CCc2c(C)c3C(=O)CC(C)(C)Cc3n2c4ccc(C(=O)N)c(N[C@H]1C)c4)C(=O)[C@@H]5C[C@H](F)CN5
CHEMBL610730,NC(=O)c1nn(c2ccc(F)cc2)c3c1CCc4ccc(NC(=O)c5cc(ncc5Cl)N6CCNCC6)cc34
CHEMBL182035,CCN(CC)CCN1C(=O)[C@@](O)(c2c(Cl)cccc2Cl)c3c1cc(cc3C(F)(F)F)C(=O)N
CHEMBL10041,CC\C(=C(/c1ccccc1)\c2ccc(OCCN(C)C)cc2)\c3ccc(O)cc3
CHEMBL388361,COc1ccc(cc1OC)S(=O)(=O)N[C@@H]2CC[C@H](CC2)N3CCC(CC3)c4ccccc4OC(C)C
CHEMBL3672531,COC(=O)c1ccc(cn1)c2ccc3c(c2)nn4cc(c5ccccc5)c(nc34)c6ccc(cc6)C7(N)CCC7
CHEMBL161781,CC1CCCN1CCc2oc3ccc(cc3c2)c4ccc(cc4)C#N
CHEMBL1950629,O=C(NCc1ccccc1)c2ccccc2c3ccccc3
CHEMBL1405491,Cc1ccc(cc1)C23CC4CC(CC(C4)(C2)C(=O)N5CCOCC5)C3
CHEMBL3890412,OC(CNC(=O)COc1ccccc1C2CCNC2)CN3CCc4ccccc4C3
CHEMBL1524649,CN(Cc1ccccc1)S(=O)(=O)c2ccc3N(CCCc3c2)C(=O)C
CHEMBL3190840,[O-][N+](=O)c1cccc(\C=N\OC(=O)C2CC2)c1
CHEMBL440779,CC(C)C(=O)N[C@@H](Cc1ccccc1)C(=O)N[C@@H](Cc2c[nH]cn2)C(=O)N[C@H](CC3CCCCC3)[C@H](O)[C@H](O)CN=[N+]=[N-]
CHEMBL3214631,COc1cccc(c1)N2C3CS(=O)(=O)CC3S/C/2=N\C(=O)C4CCCO4
CHEMBL424663,Cc1ccc(cc1)c2ccc(cc2)C(=O)N3Cc4cccn4Cc5ccccc35
CHEMBL1451636,COc1ccc(N2N=C(C(=O)NCC(=O)N3CCC4(CC3)OCCO4)c5ccccc5C2=O)c(OC)c1
CHEMBL93880,CCCCOC[C@H]1CCCC[C@H]1COCCCC(=O)C(F)(F)F
CHEMBL271520,CN(C1=CC=CN(O)C1=O)S(=O)(=O)c2ccc(Oc3ccc(cc3)C(F)(F)F)cc2
CHEMBL3699290,C[C@@H](O)Cn1nc(C#N)c2cc(Nc3nc(Nc4nc(C)n(C)n4)c5ncc([N+]#[C-])n5n3)ccc12
CHEMBL1779692,N[C@@H](CC(=O)N1CCN(CCN2CCOCC2)C(=O)C1)Cc3cc(F)c(F)cc3F
CHEMBL1451901,CCC1CCCCN1C(=S)NC(=O)c2cc(ccc2C)S(=O)(=O)N3CCOCC3
CHEMBL4061657,Cc1ccccc1S(=O)(=O)N2CCN(CC2)c3ccc(nn3)C(=O)NCc4ccc(F)cc4
CHEMBL3932623,CNC(=O)CN1CCN(CC1)C(=O)Cn2cc(NC(=O)c3cnn4cccnc34)c(n2)c5cc(Cl)ccc5OC(F)F
CHEMBL1613721,CCc1ccc(OCC(=O)C2=C(O)Oc3ccccc3C2=O)cc1
CHEMBL1258178,CCC(=O)N1[C@@H](Oc2nc(SC)nnc2c3ccccc13)c4ccc(Cl)cc4
CHEMBL78877,CC(C)(C)OC(=O)N1C2CCC(C2)[C@@H]1C(=O)N3CCCC3
CHEMBL2426658,CC(C)([C@@H](c1ccccc1)c2ccc3[nH]ncc3c2)C(=O)Nc4nncs4
CHEMBL88163,COC(=O)[C@H]1[C@@H](CC2CCC1O2)OC(c3ccc(F)cc3)c4ccc(F)cc4
CHEMBL165228,Cc1nc(Nc2cccc(Br)c2)c3cc(NCCN4CCOCC4)ncc3n1
CHEMBL3951840,C[C@]1(C[C@H](OC(=N1)N)C(F)(F)F)c2cc(NC(=O)N3CCC(CC3)OCC#C)ccc2F
CHEMBL555462,Br.CSc1ccc(cc1)C2CN3CCCC3c4c(C)cccc24
CHEMBL1462284,COc1ccccc1C2CCN(CC2)c3ccc(c(OC)c3)[N+](=O)[O-]
CHEMBL3653288,COc1cnc(CC#N)cc1c2nc3C(=O)N(C(c4ccc(cc4)C#N)c3n2C(C)C)c5cc(Cl)ccc5C
CHEMBL330605,CCN1CCC(CC1)NC(=O)c2cccc3[nH]cnc23
CHEMBL1945417,CCN(CC)C(=O)C1CCCc2c1c3ccc(OC)cc3n2CCF
CHEMBL405567,CN(C)c1nc(c2occc2)c3sccc3n1
CHEMBL2218582,Clc1cc(Cl)c(C(=O)N2CCN(C(=O)C2)c3cc(ccc3Cl)N4CCOCC4)c(Cl)c1
CHEMBL3780268,COc1cc2CCN3Cc4c(CC3c2cc1O)ccc(OCCCO)c4OC
CHEMBL3698152,COCCNc1nc(cc2N=CN(C)C(=O)c12)c3ccc(C4CCN(C)CC4)c(F)c3
CHEMBL375303,Nc1cccc(c1)c2oc(nc2)C(=O)CCCCCCc3ccccc3
CHEMBL4059546,Cl.CCCN(CCC)C(=O)c1cccc(c1)C(=O)N[C@@H](Cc2ccccc2)[C@H](O)[C@H]3CCCN3
CHEMBL1606807,OC(=O)C(=O)O.O=C(N1CCN(CC2CCC=CC2)CC1)c3ccccc3
CHEMBL318738,C(CN1CCC(=CC1)c2c[nH]c3ncccc23)Oc4cccc5OCCOc45
CHEMBL3649825,C[C@@H]1CC[C@@H](Cn2c(nc3cc(nc(c4cncc(Cl)c4)c23)C5=NOC(=O)N5)N6CCCC6C7CC7)CC1
CHEMBL79359,CCCCCCCC(=O)NCCOc1ccc(CC2SC(=O)NC2=O)cc1
CHEMBL3943375,CC[C@H](N1Cc2cc3O[C@H](COc3cc2C[C@H]1C(=O)N[C@@H](Cc4ccc(cc4)c5ccnc(C)c5C)C(=O)O)c6ccc(OCc7cccnc7)cc6)c8ccccc8
CHEMBL369890,CCC[C@H](OCc1ccc(cc1)c2ccc(Cl)cc2)C(=O)O
CHEMBL4069566,Oc1ccccc1c2nc(\C=C\3/SC(=S)NC3=O)cs2
CHEMBL3215537,Cl.Cl.Cl.Cl.CNC(=O)c1ccc(\C=C\C(=O)NCC(=O)N(C)c2ccc(Cl)c(COc3cccc4c(NCCOC)cc(C)nc34)c2Cl)cc1
CHEMBL1461493,Clc1ccccc1\C=C\C(=O)NCc2cccs2
CHEMBL125518,CSc1nsnc1OC2CN3CCC2CC3
CHEMBL419443,OC(=O)[C@@H]1[C@@H](CC2CCNCC2)C(=O)N1C(=O)N3CCN(CC3)C(=O)c4ccc5ccccc5c4
CHEMBL3643416,COc1ncc(cc1C(F)(F)F)N2CCc3ncnc(N[C@H]4CCN(C4)C(=O)C5CCN(CC5)C(=O)C)c3C2
CHEMBL294600,COc1ccc(cc1)C2=C(N(C)C(=O)C(=C2)c3nc(C)cs3)c4ccncc4
CHEMBL1783040,CCCc1cc(Oc2ccc(CC(C)C)cc2)ccc1OCCCOc3cccc(c3)[C@@H]4SC(=O)NC4=O
CHEMBL1276374,CCN1CCC[C@H]1CNC(=O)c2c(Br)c(Cl)ccc2OC
CHEMBL1681950,CO\N=C\c1c(N)ncnc1Oc2ccc(NC(=O)Nc3ccccc3F)c(Cl)c2
CHEMBL590021,OC[C@H]1O[C@H]([C@H](O)[C@@H](O)[C@@H]1O)c2ccc(Cl)c(Cc3nnc(s3)c4cc5ccccc5s4)c2
CHEMBL3656460,CCCSc1nc(ccc1C(=O)NC2C3CC4CC(CC2C4)C3)N5CCOC(C5)C(=O)O
CHEMBL1311534,CC(C)(C)NC(=O)NC(=O)COc1ccccc1C#N
CHEMBL389288,CCCCN(CC)c1cc(C)nc2N(CC(=O)Nc12)c3ccc(cc3C)C(=O)C
CHEMBL19491,Fc1ccc(cc1)C(=O)C2CCN(CCc3ccccc3)CC2
CHEMBL1445091,CC1=C(c2ccc(C)cc2)S(=O)(=O)N(Cc3ccc(cc3)C(=O)Nc4ccc(F)cc4C)C1=O
CHEMBL1519623,COc1ccc(cc1)c2noc(n2)N3CCC(CC3)C(=O)N4CCN(CC4)c5cccc(C)c5C
CHEMBL201993,NCCc1ccc(OCc2ccc(cc2)[N+](=O)[O-])cc1
CHEMBL3311028,CCCN(CCC)S(=O)(=O)c1ccc(cc1)C(=O)Nc2ccccc2N
CHEMBL134926,NC(=N)Nc1ccc(cc1)C2CC(=C)OC(=O)C2
CHEMBL1318982,Cc1c(nc2ccccc2c1C(=O)O)c3ccccc3
CHEMBL3914786,CC(C)(C)C(=O)CNC(=O)c1ccc(NC(=O)N2Cc3ccccc3C2)cc1
CHEMBL1306983,[Cl-].COc1ccc(C)cc1Nc2n[n+](c3ccccc3)c(s2)c4ccc(cc4)N(C)C
CHEMBL2165442,O=C(NC1CCCC1)OCc2cc(OC[C@@H]3CCN3)on2
CHEMBL3775141,CN(C)C(=O)CNc1nc(nc(n1)c2cccc3[nH]ncc23)N4CCOCC4
CHEMBL1599313,COCCCN1C(=O)C(=C(C(=O)c2ccc(OC)cc2)C13C(=O)N(C)c4ccccc34)O
CHEMBL1548716,CC1=CC(=O)Oc2cc(OCC(=O)N3CCc4ccccc4C3)ccc12
CHEMBL3343395,COc1cc2c(Oc3ccc(NC(=O)c4nnn(c4C)c5ccccc5C(F)(F)F)cc3F)ccnc2cc1OCCCN6CCN(C)CC6
CHEMBL1540811,Cc1cccc(NC(=O)c2sc(NC(=O)COc3ccccc3C)c(C#N)c2C)c1C
CHEMBL67388,C\C(=N/C12CC3CC(CC(C3)C1)C2)\NC45CC6CC(CC(C6)C4)C5
CHEMBL1209202,Fc1cc(cc(c1)C(=O)Nc2cccc(Cl)c2)C#N
CHEMBL1477778,CCOc1ccccc1Oc2c[nH]nc2c3ccc(OCC(=C)C)cc3O
CHEMBL4071141,Cc1c2COC(=O)c2ccc1[C@@H](O)CN3CCC4(CC3)CCN(C5=NN(C6CCCC6)C(=O)C=C5)C4=O
CHEMBL1393850,COc1ccc(CSC2=NC(=CC(=O)N2CC(C)C)O)cc1F
CHEMBL3923132,CO[C@@H]1CC[C@@]2(CC1)Cc3ccc(cc3C24N=C(C)C(=N4)N)c5cc(F)cc(c5)C#N
CHEMBL17845,Nc1nc(CCNC(=O)[C@@H]2CC[C@H]3CN(CC(=O)N23)S(=O)(=O)C(c4ccccc4)c5ccccc5)c[nH]1
CHEMBL109988,OC(=O)C1Cc2c(CN1C(=O)C(=O)c3ccccc3)ncn2Cc4ccccc4
CHEMBL254142,CC1=C(Nc2ccccc2C1=O)C(=O)N[C@@H](Cc3ccccc3)C(=O)C(=O)N
CHEMBL1397821,CN(C)c1ncc2N=C(C(=O)N(C)c2n1)c3cc(F)cc(F)c3
CHEMBL3769696,CC(=O)c1cccc(OCc2ccc(cc2)[N+](=O)[O-])c1
CHEMBL2177227,CC(C)(C)c1cccc(NC(=O)c2cccc(Nc3ccc4C(=O)c5ccccc5CCc4c3)c2)c1
CHEMBL3956387,CCCCOC(=O)N1CCc2c(F)ccc(c2C1)c3cc(CC(=O)O)ccc3OCC
CHEMBL1976489,O=C(Oc1oc(nc1\C=N\c2ccccc2)c3occc3)c4cocc4
CHEMBL3902995,OC1(CCOCC1)c2ccc(cc2)c3cc(Nc4nccc(n4)C(F)(F)F)cc(c3)N5CCOCC5
CHEMBL47040,[O-][N+](=O)c1ccc(cc1)N2CCN(CCCCN3C(=O)C4CCCN4C3=O)CC2
CHEMBL1682338,C1CC1c2cn(nn2)c3ccc4[nH]ncc4c3
CHEMBL4062900,CCN(Cc1ccccc1)C(=O)COc2ccc(C)cc2
CHEMBL21234,C[N+]1(CCO)CCC(CC1)c2ccccc2
CHEMBL270153,CCCN(CCC)C(=O)c1cc(C)cc(c1)C(=O)N[C@@H](Cc2cc(F)cc(F)c2)[C@H](O)[C@H]3CCCCN3
CHEMBL3686465,OCc1cccc(c1)c2cc(NC(=O)[C@H]3CNC(=O)C3)nn2c4ccccc4
CHEMBL3191554,COCCCN1C(=O)\C(=C/c2ccccc2OC(F)F)\S/C/1=C(/C#N)\C(=O)N3CCOCC3
CHEMBL1542888,Fc1cccc(c1)N(C(C(=O)NCc2ccccc2)c3cccnc3)C(=O)c4ccccn4
CHEMBL320514,[I-].[I-].CN1CCC[C@H]1c2ccc[n+](CCCCCCCCC[n+]3cccc(c3)[C@@H]4CCCN4C)c2
CHEMBL332137,CCCCCCCN(CCCCCSc1nc(c2ccccc2)c([nH]1)c3ccccc3)C(=N)Nc4ccccc4
CHEMBL3972356,Fc1ccc(CC(=O)NC2COc3ncccc23)c(Cl)c1C#N
CHEMBL3115579,OC(=O)C(=O)O.Oc1ccc2CC[C@H](CNCc3ccc(OCCCCF)cc3)Oc2c1
CHEMBL539807,Cl.COc1cc2ncnc(N(C)c3cccc(c3)C(F)(F)F)c2cc1OC
CHEMBL197927,Cc1cccc(Nc2ncccc2OCc3ccccc3)n1
CHEMBL4072383,COc1ccc2N(CCCc2c1)c3nc(N)nc4c(Cc5ccccc5)c[nH]c34
CHEMBL3658180,CCNC(=O)N[C@@H](C)c1ccc(O[C@@H]2CCN(C2)c3nc(ncc3F)N4CCC5(CC5)C4)cc1
CHEMBL3657717,Clc1cc(ccn1)C(=O)NCc2cnc(Oc3ccc4OC(CCc4c3)c5ccccc5)s2
CHEMBL3960187,O=C(Cc1cnc(cn1)n2cnnn2)N3CCN4C[C@H](OC[C@@H]4C3)c5ccc6C(=O)OCCc6c5
CHEMBL523507,CCN(CC)C(=O)c1ccc(cc1)C2=CC3(CCNCC3)Oc4c(O)cccc24
CHEMBL390272,Brc1c(NC(=O)c2ccccc2)[nH]nc1C(=O)NC3N=C(c4ccccc4)c5ccccc5NC3=O
CHEMBL232224,CC(C)(C)[C@@H]1CC[C@H](CC1)N(C2CCc3cc(ccc23)C(=O)NCCC(=O)O)C(=O)Cc4ccc(OC(F)(F)F)cc4
CHEMBL3677935,Fc1cc2cc(ccc2s1)N3CCN(C3=O)c4cnccc4C5CC5
CHEMBL1445414,CC(C)C(=O)NC(=S)\C=C/1\N(C)c2ccccc2C1(C)C
CHEMBL3672161,CC(C)[C@H]1COC(=O)N1c2ccnc(N[C@H](C)c3cccc(Br)c3)n2
CHEMBL318187,C\C(=C\1/CC(=O)N(C1=O)c2ccc(cc2)c3ccccc3S(=O)(=O)N)\c4cccc(c4)C(=N)NO
CHEMBL3952753,CC(c1ccccc1Cl)S(=O)(=O)c2sc(NC(=O)c3ccccn3)nc2C
CHEMBL3698069,CC(C)Nc1nc(cc2N=CN(C)C(=O)c12)c3cnc(nc3)N4CCOCC4
CHEMBL1534420,Fc1cccc(NC(=O)NCc2cccnc2)c1
CHEMBL98076,COc1ccc(CCN2CCC(=Nc3nc4ccccc4n3Cc5ccc(F)cc5)CC2)cc1
CHEMBL578817,Clc1ncn2c1Cn3cnnc3c4cc(Br)ccc24
CHEMBL1092871,Fc1ccc(CN2C(=O)Cc3cccc(\C=C\C(=O)NS(=O)(=O)c4ccc(Cl)c(Cl)c4)c23)cc1F
CHEMBL378330,Fc1ccc(cc1)[C@H]2CCCC[C@H]2N3CCC4(CC3)[C@H](CNC4=O)c5ccc(F)cc5
CHEMBL1499322,COc1cc(NC(=O)c2ccc(cc2)[N+](=O)[O-])ccc1NC(=O)C(C)C
CHEMBL4084372,COc1cc(c(C)cc1N2C(=O)C=Cc3cc(ccc23)S(=O)(=O)Nc4ccon4)c5ccc(F)c(C)c5
CHEMBL1465577,CCOC(=O)C1=C(C)NC(=O)NC1c2ccc(OCC(=O)N)cc2
CHEMBL1644192,CS(=O)(=O)c1ccc(cc1)c2cc(c3ccc(OC(F)(F)F)cc3)n(Cc4ccc(cc4)C(=O)NCCC(=O)O)n2
CHEMBL4093527,O=C1CCc2ccccc2N1CCCN3CCC(CCc4ccccc4)CC3
CHEMBL1834335,CCN\C(=N/S(=O)(=O)c1cc(Cl)ccc1Cl)\N2CC(CC)C=N2
CHEMBL3732016,COc1cc(ccc1C)c2cc(NC(C)c3cccc(OCc4ccn(C)n4)c3)nc(C)n2
CHEMBL1499084,CCOc1ccc(cc1[N+](=O)[O-])C(=O)NC(=S)Nc2ccc(NC(=O)CC)cc2
CHEMBL404003,COc1ccc2[nH]c(cc2c1)C(=O)N3CCC(CC3)n4c(C)nc5ccccc45
CHEMBL3144962,COc1cc(cc(OC)c1OC)C(C2=C(C)NN(C2=O)c3ccccc3)C4=C(C)NN(C4=O)c5ccccc5
CHEMBL3781151,COc1ccccc1N2CCN(CC2)c3ncnc4c3cnn4c5ccc(F)cc5
CHEMBL3689633,CNC(=O)Nc1cc2ccc(cc2cn1)c3cnccc3C
CHEMBL444761,NCC(c1ccccc1)c2ccc(Br)cc2
CHEMBL1081193,COc1cccc(CNC(=O)c2nc3ccc(cc3s2)c4cn[nH]c4)c1
CHEMBL1560690,CC(N1N=Cn2cccc2C1=O)C(=O)NCc3cccc(Br)c3
CHEMBL4071219,CC(C)c1onc(c1)C(=O)Nc2cccc(F)c2
CHEMBL302998,OC(=O)c1cccc(O)c1C(=O)c2c(O)cc(cc2O)C(=O)O[C@@H]3CCCCC[C@@H]3NC(=O)c4ccc(O)cc4
CHEMBL3651044,CC(=C)C(=O)Nc1cccc(c1)c2ncnc3[nH]cc(c4cccc(F)c4)c23
CHEMBL1557418,Clc1ccc(Cl)c(c1)C(=O)Nc2ccc3ncccc3c2
CHEMBL1270621,CCCC(=O)N[C@@H](CC1CCCCC1)C(=O)NCCCNCCCCNCCCN
CHEMBL3582273,Cn1cc(cn1)c2cc(Cl)c3ncc(Cc4ccc5ncccc5c4)n3c2
CHEMBL362479,NNC(=O)CSC1=Nc2scc(c3ccccc3)c2C(=O)N1c4cccnc4
CHEMBL1458870,CCNCC(=O)N1c2ccccc2CCc3ccc(NC(=O)C)cc13
CHEMBL116756,ONC(=O)CCOc1ccc(cc1)c2cccc(CC#N)c2
CHEMBL354409,Nc1nc(O)c2ncn(CCCCCCCCP(=O)(O)O)c2n1
CHEMBL2407320,Cl.CCSCC(C1CCNCC1)c2ccc(Cl)c(Cl)c2
CHEMBL1081196,CCN(Cc1cccc(OC)c1)C(=O)c2nc3ccc(cc3s2)c4cn[nH]c4
CHEMBL451773,CN(Cc1cc(cc(c1)C(F)(F)F)C(F)(F)F)C(=O)c2c(c3ccccc3)c4ccccc4n5ccnc25
CHEMBL480399,FC(F)(F)c1cccc(Nc2cc(C3CC3)c(cn2)C(=O)NCC4CCOCC4)c1
CHEMBL149156,CC(C)c1ccc(C)cc1OC(=O)c2ccc(NC(=N)N)cc2.Cc3ccc(cc3)S(=O)(=O)O
CHEMBL1589188,CN(C)S(=O)(=O)c1cc(NC(=O)CCNC(=O)c2ccccc2Cl)ccc1C
CHEMBL3685424,Fc1cc(Nc2ncc(Cl)c(n2)c3cccc(NC(=O)C=C)c3)ccc1N4CCOCC4
CHEMBL117549,OC(=O)CNCCCCOc1ccc(Cc2ccccc2)cc1
CHEMBL302387,ClCC(=O)[C@H](Cc1ccccc1)NC(=O)c2ccccc2
CHEMBL1415580,CCOc1ccccc1c2onc(n2)c3cc4ccc(C)cc4nc3O
CHEMBL3640354,COc1ccc2CN(C[C@]3(NC(=O)NC3=O)C#Cc4ccc(cc4)c5nc(ccc5OC(=O)C(C)C)c6cnn(C)c6)C(=O)c2c1
CHEMBL3655505,CC(C)c1c(C(=O)NCc2ccc(F)c(F)c2)c3ccc(Oc4nccs4)cc3n1Cc5occn5
CHEMBL138028,CCO\N=C(/C1CCN(CC1)C2(C)CCN(CC2)C(=O)c3cccnc3C)\c4ccc(Br)cc4
CHEMBL3207732,[O-][N+](=O)c1ccccc1\C=C/C=N/NC(=O)CSc2nc3ccccc3[nH]2
CHEMBL354902,COc1cc2c(Oc3ccc(Nc4ccc(cc4)C(C)(C)C)cc3)ccnc2cc1OCCN5CCOCC5
CHEMBL585166,CNC[C@@H](Cc1ccc(O)cc1)N2CCN(CCc3cccc(C)c3)[C@H](C2)C(C)C
CHEMBL1501376,CC1=NOC(=O)/C/1=C/c2oc(cc2)c3ccc(Cl)cc3
CHEMBL3213155,O\N=C\1/Oc2ccccc2C=C1C(=O)Nc3ccccc3Cl
CHEMBL3702321,COCC(CF)Oc1cc(F)ccc1Nc2ncnc3sc(C(=O)O)c(C)c23
CHEMBL1461774,CC1CCC(CC1)NC(=O)c2onc(Cn3nc(C)c(Br)c3C)n2
CHEMBL96039,COc1cc2c(nc(OCCCO)nc2cc1OCCO)c3cc(OCC4CC4)cc(OCC5CC5)c3
CHEMBL13754,COc1ccccc1N2CCN(CCN3C(=O)Nc4sc(C)c(c5ccccc5)c4C3=O)CC2
CHEMBL4094791,COc1cccc(\C=C\c2ccc3nc(N)nc(N)c3n2)c1
CHEMBL2012489,CC[C@@H]1[C@@H](C)C[C@@H]2[C@@H]([C@@H](C)OC2=O)[C@H]1\C=C\c3ccc(cn3)c4ccccc4
CHEMBL159206,CCCCCCCCCCCCCCCc1cccc(OC)c1CSc2nc3cc(ccc3[nH]2)[N+](=O)[O-]
CHEMBL3763630,Fc1cc2[nH]c(NC(=O)c3csc(NC(=O)c4ccccc4OC(F)(F)F)n3)nc2cc1Cl
CHEMBL3894401,CN1CCN(Cc2cc3C(=CN(C)C(=O)c3[nH]2)c4cc(ccc4Oc5ccc(F)cc5F)S(=O)(=O)C)CC1
CHEMBL382278,NC(=N)c1ccc(NC(C(=O)O)c2cc(OC3CCOCC3)cc(c2)C#C)cc1
CHEMBL113762,CC(C)OC(=O)C1=C(C)N(Cc2cccc(Cl)c2)C(=C(C1c3ccccc3Cl)C(=O)O)C(=O)O
CHEMBL145292,O=C1Oc2cc(OCc3ccccc3)ccc2c4ccccc14
CHEMBL493361,CS(=O)(=O)Nc1ccc(CNC(=O)CCc2cc(cc(c2)C(F)(F)F)C(F)(F)F)cc1F
CHEMBL3639688,OC([C@@H]1CCCC[C@H]1C(=O)Nc2nnc(CCCCc3nnc(NC(=O)Cc4ccccc4)s3)s2)c5ccccc5
CHEMBL455809,CCSC(=N)Nc1ccc(cc1)N(C)C
CHEMBL1347660,CSc1nc2ccccc2cc1\C=C(/C#N)\c3cccc(C)c3
CHEMBL64200,O[C@]1(OC(=O)C(C1Cc2ccccc2)c3ccc4OCOc4c3)c5ccc(Cl)c(Cl)c5
CHEMBL323686,CN(CCCOc1ccc(Cc2ccccc2)cc1)CCC(=O)NS(=O)(=O)c3ccccc3
CHEMBL2041307,CC1(C)OC[C@@H](O1)C(CS(=O)(=O)c2ccc(Oc3ccc(OC(F)(F)F)cc3)cc2)N(O)C=O
CHEMBL3677533,NS(=O)(=O)CCNC(=O)C(c1nc2ccc(cc2s1)C(=O)N3CC(F)(F)C3)S(=O)(=O)CCC(F)(F)F
CHEMBL4091239,Fc1ccc(CC2=N[C@@H](CCCCN3C[C@H](Cc4ccccc4)N(CCc5ccccc5)C3=S)CN2)cc1
CHEMBL1338425,Cl.OC(COc1ccc(Cl)c2ccccc12)CN3CCN(CC3)c4ccccn4
CHEMBL1257336,Cc1ncoc1c2nnc(SCCCN3[C@@H]4CC[C@H]3C[C@H](C4)c5ccc(cc5)C(F)(F)F)n2C
CHEMBL3911597,CCOC(=O)C1=C2CCCN2C(=O)C(=C1)Cc3ccc(Br)cc3
CHEMBL33119,O=C(NCCCc1ccccc1)[C@@H]2CCCN2S(=O)(=O)Cc3ccccc3
CHEMBL239998,NC(=N)N\N=C\c1cc(Br)ccc1OCc2cccc3ccccc23
CHEMBL3671225,Clc1ccc(s1)C(=O)NC[C@H]2CN(C(=O)O2)c3ccc(c(Cl)c3)S(=O)(=O)N4CCOCC4
CHEMBL1602088,COc1ccc(cc1)c2oc(NC(=O)c3cc(Cl)ccc3Cl)nn2
CHEMBL98292,CCOC(=O)Cn1c(OC)nc2c(OCc3c(Cl)ccc(N(C)C(=O)CNC(=O)\C=C\c4ccc(NC(=O)C)nc4)c3Cl)cccc12
CHEMBL1290191,CC(C)[C@H](N[C@@H](c1ccc(cc1)c2ccc(cc2)S(=O)(=O)C)C(F)(F)F)C(=O)N[C@@H](Cc3ccccc3)C#N
CHEMBL1235001,CCCC[C@H]1C(=O)N(N(C1=O)c2ccc(O)cc2)c3ccccc3
CHEMBL3922586,COc1cc(OC)c(Cl)c(c1)N(CCO)c2ccc3ncc(nc3c2)c4cnn(C)c4
CHEMBL384213,C(Nc1ccc2[nH]nc(c3nc4cc(ccc4[nH]3)N5CCC(CC5)N6CCCCC6)c2c1)c7ccccc7
CHEMBL379225,CN(C(=O)c1ccccc1)c2ccc(cc2)C(O)(C(F)(F)F)C(F)(F)F
CHEMBL2046726,COc1cc2ncnc(Sc3nncs3)c2cc1OC
CHEMBL3698616,CCNC(=O)NCC(C)c1ccc(cc1)C#Cc2cnc(OC3CCC3)nc2
CHEMBL3985342,CO[C@@]12CC(F)(F)[C@@H](C)[C@H](\C=C\c3ccc(cn3)c4ccccc4C#N)[C@@H]1[C@@H](C)OC2=O
CHEMBL1480075,COc1ccc(OC)c(c1)n2c(C)cc(C=O)c2C
CHEMBL536161,CN1CCCN(Cc2cccc(c2)c3ccc(CNC(=O)c4cccc(Cl)c4)c(F)c3)CC1.OC(=O)C(F)(F)F
CHEMBL3289946,Clc1ccc(cc1Cl)S(=O)(=O)NCCCCN2CCN(CC2)c3nsc4ccccc34
CHEMBL3735987,C[C@H](NC(=O)c1ccc2c(c1)c(C)c(C)n2Cc3ccc(cc3)c4ccccc4C(=O)O)c5cccc(Cl)c5
CHEMBL289275,O=C1N(CCN2CCN(CC2)c3nsc4ccccc34)C(=O)c5ccccc15
CHEMBL3359026,C[C@H](NC(=O)N1C[C@H]2C[C@H](C[C@H]2C1)c3ccccc3C(F)(F)F)C(=O)O
CHEMBL3693735,ONC(=O)CCCCCCNC(=O)c1ccc(cc1)N(c2ccccc2)S(=O)(=O)c3ccccc3
CHEMBL1979830,C\C(=N/NC(=S)NCC=C)\c1ccc(cc1)n2ccnc2
CHEMBL597282,Cc1ccc(OCP(=O)(O)O)c2c1Cc3scnc23
CHEMBL1371586,Cc1cccc(c1)C2=NN([C@H](CO)[C@H]2c3ccc(F)cc3)c4ccccc4
CHEMBL208723,CCCN1C(=O)N(CCC)c2[nH]c(nc2C1=O)c3cnn(Cc4cc(cc(c4)C(F)(F)F)C(F)(F)F)c3
CHEMBL70146,COc1ccc(C(=O)Nc2ccncc2Cl)c3cc(oc13)C(=O)C
CHEMBL2349497,CN1C(=NC2(CC(C)(C)Oc3ccc(cc23)c4cccc(F)c4)C1=O)N
CHEMBL356805,Oc1ccc(cc1)c2nccc3nc(O)ccc23
CHEMBL1490828,N=C(Cc1cccs1)NOC(=O)COc2ccccc2
CHEMBL3696529,CC(C)(O)C#Cc1cc2c(cc1F)C3CC(C3)n4c(CN5CCCC5)c(nc24)C(=O)N
CHEMBL3950533,Cl.CCOC(=O)C1=Cc2cnc(Nc3ccc(cc3)N4CCNCC4)nc2N(C5CCCC5)C1=O
CHEMBL301750,NC(=N)NNS(=O)(=O)c1ccc(I)cc1
CHEMBL1490036,CCN1C=C(C(=O)NCc2occc2)C(=O)c3cc(ccc13)S(=O)(=O)N4CCC(C)CC4
CHEMBL141113,C[S+]([O-])c1ccc(cc1)C(Nc2nccs2)C(=O)c3ccc(F)cc3
CHEMBL446976,CCCCCCC(C)OC(=O)CC(=O)CBr
CHEMBL1958038,Fc1ccc(cc1)C2CC(=NN2C3=NC(=O)CS3)c4ccc(Br)cc4
CHEMBL3939957,Fc1ccc(CC2=NNC(=O)C3=C2NCCC3)cc1C(=O)NC4CCN(CC4)C(=O)c5cn[nH]c5
CHEMBL3353367,OC(=O)[C@@H](Cc1cc2ccc(F)cc2[nH]1)NC(=O)Cc3cccc4ccccc34
CHEMBL3979434,O=C(CNC(=O)c1cnc2[nH]cc(c3ccccc3)c2c1)NCCc4c[nH]cn4
CHEMBL1448761,CN(C)C1(CNC(=O)COc2cc(C)cc(C)c2)CCCCC1
CHEMBL3922641,NC(=O)C1(CC1)c2ccc(cc2)c3cccc(Nc4nccc(n4)C(F)(F)F)c3
CHEMBL333650,Cc1cc(cc(C)c1Oc2ccc(O)c(c2)S(=O)(=O)N3CCCCC3)N4N=CC(=O)NC4=O
CHEMBL3094306,COCc1nc2ccc(OCc3ccc4ccccc4n3)cc2n1c5ccccc5
CHEMBL3198332,CCN(CC)c1ccc(\C=N\NC(=O)c2cnccn2)c(O)c1
CHEMBL66741,CCNC(=O)c1ccc(cc1)C(=C2CC3CCC(C2)N3Cc4cccs4)c5cccc(OC)c5
CHEMBL51754,COc1c(cc(Br)c2ccccc12)C(=O)N[C@@H]3CCN(C3)C4[C@@H]5C[C@H]6C[C@H](C[C@@H]4C6)C5
CHEMBL341447,C[N+](C)(C)CC#CCOC(=O)c1cccc(Cl)c1
CHEMBL1387131,COc1cc(ccc1NC(=O)c2ccccc2Cl)S(=O)(=O)N3CCCCC3
CHEMBL3321790,OC1(CC2CCC(C1)N2CCCSc3ccc(F)cc3)c4ccc(Cl)cc4
CHEMBL403432,CC(C)COC(=O)N1CCC(=C(C1)c2cccc(OCCc3nc(oc3C)c4ccccc4)c2)CC(=O)O
CHEMBL1310236,COc1cc(\C=C\c2cc(C(=O)O)c3ccccc3n2)cc(OC)c1O
CHEMBL1403431,CN(C)C(=O)c1ccc(cc1)N=Nc2ccc(cc2C)N=Nc3c(O)nc4ccccc4c3O
CHEMBL3780039,CC1CN(Cc2ccc(cc2)C(=N)N)C(=O)N(C1)C3CCN(Cc4ccccc4)CC3
CHEMBL3717972,COc1cc(OCc2nc(sc2C)N3CC4CCC(C3)O4)c5cc(oc5c1)c6cn7nc(OC)sc7n6
CHEMBL111775,Oc1ccc(CCNCCNC(=O)CCOCCc2ccccc2)c3sc(O)nc13
CHEMBL343819,CCC(=O)c1cc(CCNC(=O)C)c2cc(OC)ccc2c1
CHEMBL1391029,COc1ccc(cc1)N2CCN(CC2)C3CCCN(C3)S(=O)(=O)c4ccccc4
CHEMBL1928733,CCc1nnc(c2ccc(cc2)c3ccccc3)n1c4cccc5[nH]ncc45
CHEMBL258642,CC[C@H](C)[C@H](NC(=O)[C@H](Cc1ccc(O)cc1)NC(=O)C2(CN)CCCC2)C(=O)N[C@@H](Cc3cnc[nH]3)C(=O)N4CCC[C@H]4C(=O)N[C@@H](Cc5ccccc5)C(=O)O
CHEMBL1395221,CCOC(=O)CC(=O)CSc1nc(O)c2SC(=S)N(c3ccc(C)c(C)c3)c2n1
CHEMBL559186,Cl.Clc1ccc(cc1Cl)[C@@H]2CCCN3CCCC[C@H]23
CHEMBL1577171,Cn1cccc1C(=O)C(=O)Nc2ccc(F)c(F)c2
CHEMBL511857,COc1cccc(c1)[C@@H]2CC[C@H](CC2)N3CCN(CC3)c4ccccn4
CHEMBL2349462,CCCC(=O)Nc1cc(NS(=O)(=O)c2cccs2)cc(c1)C3=CSC(=O)N3
CHEMBL1491785,CCn1c(CSc2ncccn2)nnc1SCC(=O)N3C(C)Cc4ccccc34
CHEMBL111061,COc1cc(Cc2ccccc2)ccc1CCN
CHEMBL3696562,Cn1nccc1C(O)c2c(nc3c4cc(ccc4C5CC(C5)n23)C#CC(C)(C)O)C(=O)N
CHEMBL1339693,Cl.NCCCC[C@H](NC(=O)C1CCNCC1)c2oc(nn2)[C@@H](N)Cc3ccc(O)cc3
CHEMBL3664788,Cn1c2CC3CCC(N3)c2c4cc(ccc14)S(=O)(=O)c5cccc6ncccc56
CHEMBL220759,CCCC[C@H](NC(=O)CNC(=O)[C@H](Cc1ccccc1)NC(=O)[C@H](CO)NC(=O)[C@H](CC(=O)N)NC(=O)[C@H](Cc2c[nH]c3ccccc23)NC(=O)[C@H](CC(=O)N)NC(=O)[C@H](Cc4ccc(O)cc4)NC(=O)[C@H](CC(=O)N)NC(=O)[C@@H]5CCCN5C(=O)[C@@H](N)CC(C)C)C(=O)N[C@@H](CCCNC(=N)N)C(=O)N[C@@H](Cc6ccccc6)C(=O)N
CHEMBL3905796,FC(F)(F)c1cnc(nc1)N2CCN([C@@H](C2)c3ccc(Cl)s3)C(=O)C4CCS(=O)(=O)CC4
CHEMBL119675,FC(F)(F)c1cccc(c1)c2nc3ccccn3c2C4=NN(C(=O)CC4)c5ccccc5Cl
CHEMBL196092,CC#CCOc1ccc(cc1)S(=O)(=O)N2CCOCC2C(=O)NO
CHEMBL1337787,O=C(C(NS(=O)(=O)c1cccs1)c2ccccc2)N3CCN(CC3)c4ccccc4
CHEMBL442541,NC(=N)Nc1cccc(c1)C(=O)Nc2ccc(\C=C\C(=O)O)cc2Cl
CHEMBL1409234,CC1CN(CC(C)O1)S(=O)(=O)c2cccc(c2)C(=O)OCC(=O)c3cccs3
CHEMBL3655931,ONC(=O)c1cnc(NCc2c(Cl)cccc2Cl)nc1
CHEMBL2237220,CCCC(C)N1CCN(CC1)C(=O)c2ccc3NC(=O)C4=C(CCSC4)c3c2
CHEMBL275471,COc1cc(\C=C\COC(C(Oc2nc(C)cc(C)n2)C(=O)O)(c3ccccc3)c4ccccc4)cc(OC)c1OC
CHEMBL3979720,COCc1nc2c(cc(NC(=O)c3ccccc3Cl)cc2[nH]1)C(=O)Nc4cccc(Cl)c4C
CHEMBL2436629,Nc1cc(CN2CCC(F)(CC2)C(=O)N3CCC(CC3)N4Cc5ccccc5C4)ccn1
CHEMBL1572892,Cc1ccc(cc1)C2(C)NC(=O)N(CC(=O)Nc3cccnc3Cl)C2=O
CHEMBL3896456,COc1cc(ccc1N2C(=O)C=Cc3cc(ccc23)S(=O)(=O)Nc4occn4)c5cccc(OC(C)C)c5
CHEMBL3892723,FC1(F)CCN(C[C@@H]1Oc2ccc3ccccc3n2)C(=O)c4ccccc4n5cccn5
CHEMBL2029483,CC[C@@H]1C[C@H](N(Cc2cc(cc(c2)C(F)(F)F)C(F)(F)F)c3nnn(CCO)n3)c4cc(ccc4N1C(=O)OC(C)C)C(F)(F)F
CHEMBL1533632,COc1ccc(cc1)S(=O)(=O)Nc2cc(C(C)C)c(O)cc2C
CHEMBL3417585,C[C@@H]1CCCN1CCCOc2ccc(cc2)C3=NNC(=O)[C@@H]4C[C@H]34
CHEMBL349323,NC(=N)c1cccc(c1)n2ccnc2C(=O)Nc3ccc(cc3)c4ccccc4S(=O)(=O)N.OC(=O)C(F)(F)F
CHEMBL3677983,CC(C)(C)OC(=O)c1cc(O[C@@H]2CC[C@@H](CC2)NC(=O)Nc3ccc(Cl)c(c3)C(F)(F)F)ccn1
CHEMBL174917,CCCCCCCC\C=C/CCCCCCCC(=O)c1oc(cn1)c2cccnn2
CHEMBL1818460,Cc1cc(nn1C[C@@]23CNCC[C@@]2(C3)c4ccc(Cl)c(Cl)c4)C(F)(F)F
CHEMBL1270504,O=C(OCC#CCSc1oc(nn1)c2cccc3ccccc23)C4CCC4
CHEMBL1607349,Cc1nn(c2ccc(cc2)[N+](=O)[O-])c3N=C4N(C(c5cccc(Br)c5)c13)c6ccccc6NC4=O
CHEMBL3632715,C[C@H]1CC[C@H](c2ccccc2)S(=O)(=O)N1Cc3ccc(cc3F)N4CCC5(CC4)N(C)C(=O)N(C)C5=O
CHEMBL211082,NCCCC[C@H](NC(=O)OCc1ccccc1)C(=O)c2noc(Cc3ccc(OCCc4cccc5ccccc45)cc3)n2
CHEMBL3770924,O=C(NC1CC1)C2=CN(c3cccc(c3)c4ccc(cc4)[C@@H]5C[C@H]5c6nnn[nH]6)c7ncccc7C2=O
CHEMBL63825,O[C@@H](CNCCc1ccc(NS(=O)(=O)c2ccc(cc2)n3ncc(COc4ccc(OC(F)(F)F)cc4)n3)cc1)c5cccnc5
CHEMBL3612353,NS(=O)(=O)Oc1ccc2C3=C(CCC3)C(O)Oc2c1
CHEMBL528325,Cc1ccccc1C(N2CCN(CC2)C(=O)NC(C)(C)C)c3ccc(Cl)cc3
CHEMBL325572,C[C@]12CCC3C(CCC4NC(=O)C=C[C@]34C)C1CCC2C(=O)Nc5ccccc5C(=O)c6ccccc6
CHEMBL3702193,C[C@@H](O)CNc1ccc(Nc2ncc3c4ccncc4n(C5CCCC5)c3n2)nn1
CHEMBL592427,Oc1c(Br)cccc1CN(Cc2ccc(F)cc2)C(=O)Nc3ccccc3
CHEMBL1457127,Cc1ccc(SCCC(=O)Nc2ccccc2Br)cc1
CHEMBL3895803,Cc1cccc(F)c1S(=O)(=O)NCC2(CC2)C(=O)NC3C4CC5CC3CC(C5)(C4)C(=O)N
CHEMBL1574219,CCCn1c(CC)nc(c1S(=O)(=O)c2ccccc2)[N+](=O)[O-]
CHEMBL1643341,COc1cc(CCC(=O)O[C@@H]2CC[C@H](CC2)N(C)[C@@H]3CC[C@H](CC3)OC(=O)c4cc(OC)c(OC)c(OC)c4)cc(OC)c1OC
CHEMBL1515809,Oc1ccc(cc1O)C2=CC(=O)c3c(O2)ccc4ccccc34
CHEMBL3764703,Cl.NOCc1ccc(Cl)cc1Cl
CHEMBL1911601,CCN(CC)C(=O)CN1N(C(=O)c2c(C)c3ccccc3nc12)c4ccccc4
CHEMBL1223881,CCNC1=N\C(=C/c2ccc(c(OC)c2)n3cnc(C)c3)\C(=O)N1[C@H](CO)c4ccc(F)cc4
CHEMBL3197073,CCCN(CCC)\C=N\c1sc2CCCCCc2c1C#N
CHEMBL3681038,CNc1nc(Nc2ccc(cc2Cl)c3onc(C)n3)ncc1Cl
CHEMBL380680,C[C@@H](O[C@H]1CCC(=O)NC[C@@H]1c2ccc(F)cc2)c3cc(cc(c3)C(F)(F)F)C(F)(F)F
CHEMBL1760657,COc1ccc(cc1Cn2c(cc3cc(ccc23)C#N)C(=O)NCC4(CO)CC4)C(F)(F)F
CHEMBL3640844,C[C@@H](O)[C@@H](Nc1ccc([N+]#[C-])c(Cl)c1C)c2nnc(s2)c3ccccc3
CHEMBL1413176,CN1N(C(=O)C(=C1C)NC(=O)c2cccnc2)c3ccccc3
CHEMBL1450701,CC(=O)Nc1ccc(cc1)c2csc(Nc3ccc(cc3)S(=O)(=O)N)n2
CHEMBL393939,Cc1ccc(C(=O)NCc2cccc(Oc3ccc(OC(C)(C)C(=O)O)c(C)c3)c2)c(C)c1
CHEMBL1269895,NC(=O)[C@@]12CC3CC(C1)[C@H](OC(=O)N4CC[C@H](C4)Nc5ncccc5C#N)C(C3)C2
CHEMBL401234,COc1ccc(cc1)C2(O)CCN(CC2)C(c3ccccc3)c4ccccc4
CHEMBL2336625,NS(=O)(=O)c1ccc(cc1)n2nc(CO)cc2c3cccc4ccccc34
CHEMBL197504,C[C@@H](NC(=O)Cc1c(Cl)ccc(NCC(F)(F)c2ccccn2)[n+]1[O-])c3cc(Cl)ccc3CN
CHEMBL4113087,C[C@@]1(F)CC(F)(F)[C@](C)(N=C1N)c2cc(NC(=O)c3coc(n3)C(F)F)ccc2F
CHEMBL3955791,CS(=O)(=O)NCCNc1nonc1\C(=N\O)\Nc2ccc(F)c(Br)c2
CHEMBL2283181,CCCC\C(=C(/c1ccccc1)\c2ccc(cc2)N=[N+]=[N-])\c3ccccc3
CHEMBL4112107,CC(=O)c1nn(CC(=O)N2[C@@H]3C[C@@H]3C[C@H]2C(=O)NCC4CCC5(CCC5)CC4)c6cnccc16
CHEMBL1542419,CC(C)(C)C(=O)NC(=S)N1CCc2ccccc12
CHEMBL2158423,CCC(=O)Nc1ccc(cc1)C(=O)N[C@@]2([C@H](c3ccc(OC(=O)c4cccs4)c(OC)c3)[C@](NC(=O)c5ccc(NC(=O)CC)cc5)([C@@H]2c6ccc(OC(=O)c7cccs7)c(OC)c6)C(=O)O)C(=O)O
CHEMBL1448433,OC(=O)CC1(C(=O)c2ccccc2C1=O)c3ccccc3
CHEMBL385246,CC[C@H](C)[C@H](NC(=O)[C@@H](N)Cc1ccc(O)cc1)C(=O)N[C@@H](CC(=O)N)C(=O)N2CCC[C@H]2C(=O)N[C@@H]([C@@H](C)CC)C(=O)N[C@@H](Cc3ccc(O)cc3)C(=O)N[C@@H](CCCN=C(N)N)C(=O)N[C@@H](CC(C)C)C(=O)N[C@@H](CCCN=C(N)N)C(=O)N[C@@H](Cc4ccc(O)cc4)C(=O)N
CHEMBL168481,S\C(=N/N=C/c1ccccn1)\Cc2ccccc2
CHEMBL3732954,Cc1cc2oc(cc2cc1Cl)c3cn4nc(Br)sc4n3
CHEMBL204185,CCCN(c1ccccc1Cl)S(=O)(=O)c2ccc(O)c(C)c2
CHEMBL1540359,COCCCNC(=O)COc1ccc(cc1)S(=O)(=O)Nc2ccccc2
CHEMBL3350370,C[C@@H]1[C@H](N(Cc2ccccc12)C(=O)[C@@H](N)Cc3ccc(O)cc3)C(=O)N[C@@H](Cc4ccccc4)C(=O)N[C@@H](Cc5ccccc5)C(=O)O
CHEMBL61,COc1cc(cc(OC)c1OC)[C@H]2[C@@H]3[C@H](COC3=O)[C@@H](O)c4cc5OCOc5cc24
CHEMBL3660241,CN(c1cccnc1)c2ccnc(c2)C(=O)Nc3nc(C)cs3
CHEMBL555618,Cl.COC(=O)[C@H]1NC(=O)[C@@H](Cc2ccccc2)NC(=O)CNC(=O)[C@@H](NC(=O)[C@@H](N)Cc3c(C)cc(O)cc3C)C(C)(C)SSC1(C)C
CHEMBL1313685,Brc1ccc(cc1)n2cc(c3ccccc3)c4c(NN5CCOCC5)ncnc24
CHEMBL154058,O=C1C2CCCC2=NN1CCOc3ccc4ccccc4c3
CHEMBL142481,CCCN(CCc1ccsc1)C2Cc3cc(OC)c(OC)cc3C2
CHEMBL1526047,COc1ccc(cc1)C(CNC(=O)C2CC2)N(C)C
CHEMBL1410309,CCOc1ccccc1NC(=O)C2CCN(CC2)S(=O)(=O)c3ccc4NC(=O)C=Cc4c3
CHEMBL3780078,Fc1c(C#N)[nH]c2ccc(CN3CCC(CC3)Nc4ncnc5sc(CC(F)(F)F)cc45)cc12
CHEMBL3640822,C[C@@H](O)[C@@H](Nc1ccc([N+]#[C-])c(Cl)c1C)c2oc(nn2)c3ccccc3
CHEMBL4108971,CC(C)NC1=NC(=C(C(=O)N1)c2nc3ccccc3s2)N[C@@H]4C[C@H](CO)[C@@H](O)[C@H]4O
CHEMBL2408827,COc1cc(ccc1Nc2ncc(Cl)c(Oc3ccc(COc4no[n+]([O-])c4S(=O)(=O)c5ccccc5)cc3)n2)N6CCN(CC6)C(=O)C=C
CHEMBL3814744,CC[C@H](C)[C@@H]1NC(=O)[C@H](Cc2ccc(O)cc2)NC(=O)[C@@H](N)CSSC[C@H](NC(=O)[C@H](CC(=O)N)NC(=O)[C@H](CCC(=O)N)NC1=O)C(=O)N3CCC[C@H]3C(=O)N(C)[C@@H](CC(C)C)C(=O)NCC(=O)N
CHEMBL1314266,CN(C)S(=O)(=O)c1cccc(NC(=O)c2ccc3OCCOc3c2)c1
CHEMBL3662018,CCCNC(=O)c1cnc(Oc2ccc3OC(CCc3c2)c4cc(F)ccc4C)s1
CHEMBL1504426,Cc1ccnc(NC(=S)NC(=O)c2cccs2)c1
CHEMBL3678297,COc1cc(ccc1OCc2ccc(cc2)C(F)(F)F)[C@H](C)n3c(N)nc4cc(cnc34)c5cnn(C)c5
CHEMBL604669,CN1CCc2c(C1)c3cc(C)ccc3n2\C(=C/c4ccccc4)\C
CHEMBL3719223,COc1cc(OCc2csc(n2)C3(CCOCC3)c4ccc(cc4)C(=O)N(C)C)c5cc(oc5c1)c6cn7nc(OC)sc7n6
CHEMBL136807,CCCCSc1nsnc1C2CN3CCC2CC3
CHEMBL3686593,C[C@H](NC(=O)C)c1ccc(O[C@@H]2CCN(C2)c3ccnc(N4CCC4)c3F)cc1
CHEMBL269755,Nc1cccc(O)c1
CHEMBL218940,CCOC(=O)C1=C(C)Nc2nc3CCCCc3c(N)c2C1c4cccc(OC)c4
CHEMBL1322915,CC(C)CCCC(C)C1CCC2C3CC(=O)[C@H]4CC(O)CC[C@]4(C)C3CC[C@@]12C
CHEMBL272608,O=C1Sc2ccccc2N1CCCCCCN3CCN(CC3)C4CCCCC4
CHEMBL329099,CCCCC1=NN(C(=O)N1Cc2ccc(cc2)c3ccccc3S(=O)(=O)NC(=O)C4CCCCCC4)c5ccccc5C(F)(F)F
CHEMBL406573,O=C(Nc1cnc2ccccc2c1)c3ccc(NC4CCCCC4)cc3
CHEMBL1509927,O=C(NC1CC1)C(=O)Nc2ccc3OCCOc3c2
CHEMBL3965744,CNC(=O)Nc1nc(ns1)c2ccc(cc2)C(=O)N(C3CC3)C4CCN(CC4)C(=O)OC(C)(C)C
CHEMBL239834,[O-][N+](=O)c1ccc(cc1)C(=O)N2c3ccccc3Sc4ccccc24
CHEMBL1480534,CSc1ccccc1c2oc(nn2)c3ccc(C)cc3
CHEMBL3127370,CC1(CC(Nc2ccc(cc12)C(=N)N)c3cccc(c3)c4ccc(cc4C(=O)O)C(=O)N)c5ccccc5
CHEMBL3986807,OC1=C(CN(CCCC(F)(F)F)C1=O)C(=O)N[C@@H]2CC[C@@H](CC2)c3ccccc3
CHEMBL328443,CCCC[C@H](N)C(=O)NNC(=O)[C@H](Cc1ccccc1)NC(=O)CNC(=O)[C@@H](C)NC(=O)[C@@H](N)Cc2ccc(O)cc2
CHEMBL92286,C[C@@H](NC(=O)[C@@H](N)Cc1ccc(O)cc1)C(=O)NCC(=O)N[C@@H](Cc2ccccc2)C(=O)NNC(=O)[C@H](N)Cc3c[nH]c4ccccc34
CHEMBL2070805,FCC(=O)N(Cc1cocc1)c2ccccc2Oc3ccccc3
CHEMBL422972,COc1ccc(cc1OC2CCCC2)C3(Cc4ccncc4)C(=O)c5ccc(OCc6ccncc6)cc5C3=O
CHEMBL18254,CC1(O)OC(=O)C(=C1c2ccc(cc2)S(=O)(=O)C)c3ccc(Cl)cc3Cl
CHEMBL1363026,CC1=C(CCC(=O)NCCCn2ccnc2)C(=O)Oc3cc4oc5CCCCc5c4cc13
CHEMBL1344433,CCCCn1c(SCC(=O)c2ccc3OCC(=O)Nc3c2)nc4cc(ccc14)S(=O)(=O)N
CHEMBL257373,CC(C)[C@H](N)c1cc(C)ccc1N2CCN(CC2)C(=O)[C@@H]3[C@H](CCN3C(=O)C(C)(C)C)c4ccc(Cl)cc4
CHEMBL2179542,Fc1ccoc1C(=O)N2CC3CNCC(C3)C2
CHEMBL118105,CCCOc1c(OCCCO)cc(cc1S(=O)(=O)CC(=O)C)[C@@H]2CC[C@H](O2)c3cc(OC)c(OC)c(OC)c3
CHEMBL212326,CCN(CC)CCCNc1ccc(C)cc1S(=O)(=O)Nc2ccc3CCCCc3c2C(=O)O
CHEMBL1340022,CCOc1ccc(cc1)N(CC(=O)NCCC2=CCCCC2)S(=O)(=O)c3ccccc3
CHEMBL3985843,COc1cc2CN(Cc2cc1OC)C(=O)Nc3ccc(cc3)C(=O)NCCCc4ccccc4
CHEMBL1304654,Cc1c(oc2c1ccc3ccccc23)C(=O)OCC(=O)Nc4cccc(c4)S(=O)(=O)N
CHEMBL219666,Nc1c(Cl)cc(cc1Cl)C(=O)N(C2CC2)C3CCCCC3
CHEMBL3234671,COc1cccc2c(cn(CCN3CCOCC3)c12)C(=O)N[C@H]4[C@@]5(C)CC[C@H](C5)C4(C)C
CHEMBL343659,Cc1cccc(CN2CCC(CC2)NC(=O)C(O)(C3CCCC3)c4ccccc4)n1
CHEMBL146163,COC(=O)C1=C(C)NC(=O)N(C1c2ccc(Cl)cc2)C(=O)NCCCN3CCC(CC3)(C(=O)OC)c4ccccc4
CHEMBL3974673,CC(C)Oc1ccc2[nH]nc(c3cc(ncn3)N4C[C@H](O)[C@H](C4)N(C)C)c2c1
CHEMBL1401774,CCC(CC)C(=O)Nc1cccc(c1)C(=O)NCc2occc2
CHEMBL3581710,CC(=C)C(=O)CC[C@](C)(O[C@@H]1O[C@H](CO[C@@H]2O[C@H](CO)[C@@H](O)[C@H](O)[C@H]2O)[C@@H](O)[C@H](O)[C@H]1O)[C@H]3CC[C@]4(C)[C@@H]3[C@H](O)C[C@@H]5[C@@]6(C)C[C@@H](O)[C@H](O)C(C)(C)[C@@H]6CC[C@@]45C
CHEMBL1410353,Clc1ncccc1C(=O)Nc2cccc3nsnc23
CHEMBL2112585,NC(CCCCc1ccccc1)([C@H]2C[C@@H]2C(=O)O)C(=O)O
CHEMBL66860,Fc1ccc(\C=N\Nc2ncnc3c2cnn3c4cccc5[nH]cnc45)cc1
CHEMBL3359515,OC(=O)CC1CCn2c1cc3cc(OCc4ccc(Cl)c(c4)C(F)(F)F)ccc23
CHEMBL1671993,[Na+].CCc1cccc(Nc2cc(c(N)c3C(=O)c4ccccc4C(=O)c23)S(=O)(=O)[O-])c1
CHEMBL608735,Clc1ccc2oc(nc2c1)N3CCN4CCC3CC4
CHEMBL1957505,CN(C)CCCNC(=O)c1cn2cc(nc(N3CCOCC3)c2n1)c4cccc5[nH]ncc45
CHEMBL1584799,CCc1ccc2nc(N=C(N)N)nc(C)c2c1
CHEMBL1451006,CS(=O)(=O)N(CC(=O)Nc1ccc2OCCOc2c1)Cc3ccccc3
CHEMBL1433254,Fc1ccc(Cn2cccc2\C=C/3\C(=N)N4C=CSC4=NC3=O)cc1
CHEMBL248335,CC(C)c1ccc(NC(=O)c2ccc3[nH]c4C(=O)NCC(C)c4c3c2)cc1
CHEMBL1597229,CC1(C)CC(=O)c2sc(NC(=O)Cc3cccs3)nc2C1
CHEMBL1958323,C[C@@H]1CCCN1CCCOc2ccc(cc2)C3=CC(=O)NN=C3C
CHEMBL1435462,CCN(CC)C(=O)c1ccc2Sc3ccccc3C(=O)N(Cc4c(F)cccc4Cl)c2c1
CHEMBL329042,CN1CCC=C(C1)c2c[nH]c3ccccc23
CHEMBL3764463,Nc1n[nH]c2C(=CN(C(=O)c12)c3ccccc3Cl)c4ccccn4
CHEMBL2179874,Ic1ccc(s1)C(=O)N[C@@H]2C3CCN(CC3)[C@H]2Cc4cccnc4
CHEMBL1384960,COc1ccc(Br)cc1CNC(=O)Nc2cccs2
CHEMBL1723233,Cc1ccc(OCCOc2c(Cl)cc(Cl)cc2Cl)c(n1)[N+](=O)[O-]
CHEMBL3310445,CCCCOc1cc(OC)c(\C=C\2/SC(=O)N(Cc3ccccc3)C2=O)cc1Br
CHEMBL193376,Nc1ccc(\C=C\2/C=Cc3ccccc23)cc1
CHEMBL3918215,CN[C@@H](C)C(=O)N[C@H](C(=O)N1[C@@H](Cc2ccccc12)C(=O)NCc3cc(F)ccc3C)c4ccccc4
CHEMBL3398146,CCCCC(=O)c1ccccc1NS(=O)(=O)c2ccc(OC(=O)C(C)(C)C)cc2
CHEMBL1418601,CC(=O)OCCCNc1cc(SCc2occc2)c3nonc3c1[N+](=O)[O-]
CHEMBL92817,CCCN1CCC[C@H](C1)c2cccc(Br)c2
CHEMBL2048903,OCCn1ccc2ncnc(Nc3ccc(Oc4cccc5[nH]ncc45)c(Cl)c3)c12
CHEMBL3657922,CN(C)S(=O)(=O)NC(=O)c1cc(Cl)c(OCCC2CCCCCC2)cc1F
CHEMBL3954209,Cc1c(nc(c2ccccc2)n1CCCN3CCOCC3)C(=O)Nc4cccc(c4)C(F)(F)F
CHEMBL1533205,CN(c1ccc(cc1)C(=O)Nc2ccc(cc2)S(=O)(=O)N3CCCC3)S(=O)(=O)C
CHEMBL1539192,COc1ccccc1c2c(C)c(C)nc(N)c2C#N
CHEMBL3665413,Cn1c2CCNCCc2c3ccc(nc13)N4C=CC(=CC4=O)OCc5ccc(Cl)cc5
CHEMBL3663944,Oc1ccc(NC(=O)c2cc(O)c(O)cc2Br)cc1O
CHEMBL1305304,CCOC(=O)Cc1ccc(NC(=O)c2ccc(cc2)C(C)(C)C)cc1
CHEMBL1420084,COc1ccccc1CNC(=O)C(=O)NCC2OCCCN2S(=O)(=O)c3cccs3
CHEMBL2373660,CCCOC(=O)C1[C@@H]2O[C@@]3(CN(CCCOC)C(=O)[C@H]13)C=C2
CHEMBL1951917,CCN(C1CCN(CC[C@H](C2CCN(CC2)S(=O)(=O)C)c3cccc(Cl)c3)CC1)C(=O)Cc4ccc(cc4)S(=O)(=O)C
CHEMBL216164,OC(=O)[C@@H]1CCCN1C(=O)[C@H](Cc2ccccc2)NC(=O)CCCCCNC(=O)NC3CCCCC3
CHEMBL4091491,CC(C)(O)c1cncc(c1)n2ncc3cc(F)ccc23
CHEMBL102978,N[C@H](Cc1ccccc1)C(=O)N2CCC[C@H]2CC(=O)NCc3cc(Cl)ccc3n4cnnn4
CHEMBL3689306,CN1CC[C@@H](COc2ccnc3ccc(cc23)C#CCNC(=O)C4=CC=CN(Cc5cc(F)c(F)c(F)c5)C4=O)C1
CHEMBL1502658,Cc1cc(C)n2nc(CC#N)c(C#N)c2n1
CHEMBL1373107,COc1ccc(cc1)n2nc3cc(C)c(N)c(Br)c3n2
CHEMBL3921665,CCC(O)(c1cn(Cc2ccc3c(cc(nc3c2)C(=O)N)c4ccc(OC)c(OC)c4)cn1)C(F)(F)F
CHEMBL1369821,[O-][N+](=O)c1ccc(NCCNC(=O)c2ccc(Cl)cc2)cc1
CHEMBL4115348,O=C1NC(=NC(=C1c2nc3ccccc3s2)N[C@@H]4CCCNC4)N5CCN(CC5)c6nncs6
CHEMBL307341,CC(=CCC\C(=C\COc1ccc2C=CC(=O)Oc2c1)\C)C
CHEMBL3643849,COC1=CC2=C(C)NC(=O)C(=C2C=C1OC)Cc3cnc4cc(OC)ccc4c3
CHEMBL498545,CC(C)CNC(=O)c1ccc(c(c1)C(=O)O)c2ccc(cc2C(=O)Nc3ccc(cc3)C(=N)N)C(O)CO
CHEMBL3752638,Cc1cc(CN2[C@H](CO)CC[C@@H]2c3ccc(F)cc3)cc(C)c1F
CHEMBL3754094,CC(C)CN([C@H](C(C)C)C(=O)NO)S(=O)(=O)c1ccc(cc1)c2ccccc2
CHEMBL1469866,CCc1ccc(\C=C\2/Oc3c(CN4CCN(C)CC4)c(O)ccc3C2=O)cc1
CHEMBL1541425,COc1cccc(OCC2=Nc3ccccc3C(=O)N2N)c1
CHEMBL2398766,CC(C)[C@@H](NC(=O)c1cccc(c1)S(=O)(=O)N)C(=O)N2CCC(CC2)c3ccc(Cl)cc3
CHEMBL80808,Cc1noc(NS(=O)(=O)c2cccc(Cl)c2)c1Br
CHEMBL3084864,Oc1ccc2C(Cc3cccnc3)C(CCc2c1)NC[C@@H]4CC[C@@H](CNS(=O)(=O)c5ccccc5F)CC4
CHEMBL1597665,COC(=O)c1ccccc1NC(=O)C2COc3ccccc3O2
CHEMBL3742093,Cn1c(CNc2ccc(cc2)C(=N)N)nc3cc(ccc13)C(=O)N(CCC(=O)O)c4ccc(F)c(Cl)c4
CHEMBL1512432,CO[C@H](\C=N/OC[C@@H]1O[C@@H](C=C[C@@H]1Oc2ccc(OC)cc2)c3ccccc3)[C@H](C)\C=C/CC(=O)OC
CHEMBL3682705,Fc1cnc(NS(=O)(=O)c2ccc3c(cccc3c2)c4ccc(cc4n5ccnc5)C(F)(F)F)s1
CHEMBL88578,CC[C@@H]1[C@@H](Cc2cncn2C)CSC1=S
CHEMBL3189434,Br\C(=C/c1ccccc1)\C=N\N2CCN(CC2)c3ccccc3
CHEMBL56224,CN1CCN(CC1)c2cc(nc(Cl)n2)c3occc3
CHEMBL1682008,Cc1n[nH]c(n1)c2c(C)csc2NC(=O)Cc3ccc(OCCCN4CCCCC4)cc3
CHEMBL435887,CCCN1C(=O)N(Cc2ccccc2)c3nc4[nH]c(cn4c3C1=O)c5ccccc5
CHEMBL3354798,COC(=O)[C@@]1(Cc2cccc(F)c2)NCc3cnc4c(c(CO)nn4c13)c5ccc(cc5)C(F)(F)F
CHEMBL1343726,CCCCC(CC(O)COCCC)c1nnc(S)n1CC=C
CHEMBL1801369,CCn1c(CC(=O)NCc2c(C)cccc2Cl)c(C)nc1c3ccccc3
CHEMBL1385531,NC(=O)CC(NC(=O)c1ccccc1)c2ccc(NC3CCCC3)c(c2)[N+](=O)[O-]
CHEMBL1414235,COC(=O)c1ccccc1S(=O)(=O)N(CCCO)Cc2cc3c(C)ccc(C)c3nc2O
CHEMBL3092756,Cl.NC(=NC(=O)c1ccc2Oc3ccccc3Nc2c1)N
CHEMBL1289545,Cc1nc(cs1)C(=O)N2CCOC3(CCN(Cc4ccc(Cl)cc4)CC3)C2
CHEMBL3718668,O=C1N=C(OCC2CCCO2)C=C3N1CCc4cc(OCc5ccccc5)ccc34
CHEMBL1547024,CC1CCCC(NCC(=O)Nc2ccc(cc2)C(=O)N)C1C
CHEMBL4108157,COc1cccc2CCC(Cc12)N(C3CC3)C(=O)[C@H]4CNCCO4
CHEMBL70003,CC(=O)NCCN1CCN(CC(=O)N2c3ccccc3C(=O)Nc4cccnc24)CC1
CHEMBL3920780,CCOC1=CC(=O)N(C)C=C1c2cc(ccc2Oc3ccc(F)cc3F)N(CC4CC4)S(=O)(=O)Cc5ccccc5
CHEMBL411954,CCCCS(=O)(=O)N1CCC[C@@H]2CN3CCc4ccccc4[C@@H]3C[C@H]12
CHEMBL2426624,CC([C@@H](c1ccccc1)c2ccc3c(cnn3c4ccc(F)cc4)c2)C(=O)Nc5nncs5
CHEMBL3828274,CCOC(=O)c1cc(C(=O)\C=C\c2ccc(cc2)C#N)n3ccc(OC)cc13
CHEMBL3105106,C[C@@H]1C[C@@H]2[C@H]([C@@H]3C=C(CO)[C@@H](O)[C@]4(O)[C@@H](OC(=O)c5c(C)cccc5N)C(=C[C@@]14C3=O)C)C2(C)C
CHEMBL301514,CNC1CC(c2ccc(Cl)c(Cl)c2)c3ccc(O)cc13
CHEMBL1398648,COc1cc(ccc1OC(=O)C)C(=O)Nc2ccc(O)cc2
CHEMBL1318483,CCCC1CCN(CC1)C(=O)COC(=O)c2ccc(c(c2)[N+](=O)[O-])S(=O)(=O)C
CHEMBL3963734,Cc1cc(N)nc(C)c1CNC(=O)c2cnn(Cc3ccc(cc3)C#N)c2
CHEMBL416684,Nc1nc2c(cnn2Cc3ccc(O)cc3)c4nc(nn14)c5occc5
CHEMBL3950707,COc1nc(Oc2ccc(F)c(F)c2)c(Cl)cc1N3C(=O)C=Cc4cc(ccc34)S(=O)(=O)Nc5ccon5
CHEMBL1081166,CC(C)(C)c1onc(NC(=O)Nc2ccc(NC(=O)Cc3ccccc3)cc2)c1
CHEMBL1170895,CCN(CC)C(C)CC(=O)Nc1cccc(c1)c2cc(nc(NC(=O)c3occc3)c2C#N)c4ccc(F)cc4O
CHEMBL1376464,Cc1nc(sc1CCNC(=O)C(=O)Nc2ccc3OCCOc3c2)c4ccccc4
CHEMBL254174,CC[C@@H](NC1=C(Nc2cccc(C(=O)N(C)C)c2O)C(=O)C1=O)c3cc(C)cc(F)c3
CHEMBL1420636,CCn1ccnc1CNC(=O)CC2N(Cc3ccc(F)cc3Cl)CCNC2=O
CHEMBL3667661,Cc1c(CC(=O)O)cc2ccc(F)cc2c1c3ccc(NS(=O)(=O)c4ccccc4)cc3
CHEMBL511977,COc1cc(Nc2nc(N[C@@H]3CCCC[C@@H]3N)n4cc(nc4c2C(=O)N)c5ccccc5)cc(OC)c1
CHEMBL1495628,CC1CC(C)CN(C1)S(=O)(=O)c2ccc(cc2)C(=O)NCc3occc3
CHEMBL1287971,Nc1nc(Nc2ccccc2)nn1C(=O)c3c(F)cccc3F
CHEMBL519892,CN1CCC(CC1)C(=O)N[C@@H](CCCCCC(=O)C)c2ncc([nH]2)c3ccccc3
CHEMBL232750,COC(=O)c1c(Cl)cc(Cl)cc1c2cnc([C@@H](C)NC(=O)C3(CC3)NC(=O)C(F)(F)F)c(F)c2
CHEMBL1631013,C[C@H](Oc1ccc(cc1C(=O)N2Cc3ccc(cc3C2)N4CCN(C)CC4)S(=O)(=O)C)C(F)(F)F
CHEMBL3597967,Fc1ccc(O[C@@H]2CC3CC2N(C3)C(=O)c4ccccc4n5nccn5)nc1
CHEMBL1272021,CCNC(=O)c1ccc2\C(=C\Nc3ccc(CN4CCCCC4)cc3)\C(=O)Nc2c1
CHEMBL400680,COc1ccc(cc1)C2CCN(C[C@@H]3CC[C@@H](C3)NC(=O)\C=C\c4cc(F)c(F)c(F)c4)CC2
CHEMBL1608060,COc1cccc(CNS(=O)(=O)c2ccc3N(CCc3c2)C(=O)C4CCC4)c1
CHEMBL3964102,CO[C@@H]1CC[C@@]2(CC1)Cc3ccc(cc3C24N=C(N)N(CCc5nccs5)C4=O)C#N
CHEMBL1389009,Cl.Cc1c(Cl)cccc1NC(=O)CCN2CCN(CCO)CC2
CHEMBL411,CC\C(=C(\CC)/c1ccc(O)cc1)\c2ccc(O)cc2
CHEMBL314954,COc1ncc(CC2=CN(CC(=O)N(CCN(C)C)Cc3ccc(cc3)c4ccc(Cl)cc4)C(=NC2=O)SCc5ccc(F)cc5)cn1
CHEMBL78497,C(Cc1cccnc1)Cc2c[nH]cn2
CHEMBL1088741,Cc1cc(cc2[nH]c(nc12)C3=C(NCCn4cc(cn4)C(=O)O)C=CNC3=O)N5CCOCC5
CHEMBL1466892,CC[C@@H](C)C(NC(=O)OC(C)(C)C)c1cn(nn1)[C@@H](CCC(=O)OC(C)(C)C)C(=O)N2CCN(CC2)C(=O)OC(C)(C)C
CHEMBL321315,CN1CCCn2cc(C3=C(C(=O)NC3=O)c4cn(CCOCCOCC1)c5ccccc45)c6ccccc26
CHEMBL77419,CC(C)[C@H](NC[C@@H](N)CS)C(=O)N1Cc2ccccc2C[C@H]1C(=O)N[C@H](CCS(=O)(=O)C)C(=O)O
CHEMBL3940683,COCCN(CC1=NC2=C(COCC2)C(=O)N1)C(=O)CN3CCC(CC3)C(=O)c4ccc(OC)cc4
CHEMBL3984531,CC(=C(c1ccc(N)cc1)c2ccc(N)cc2)c3ccc(cc3)[N+](=O)[O-]
CHEMBL3685094,Cc1ccc(F)cc1c2ccc3c(Cl)c(N)ncc3c2
CHEMBL1161647,CNc1cccc(c1)c2nc(C(C)C)n(\C=C\[C@@H](O)C[C@@H](O)CC(=O)O)c2c3ccc(F)cc3
CHEMBL2018381,CCC[C@@H](O)[C@H](CNCc1ccc(C)cc1C)NC(=O)CNC(=O)c2cc(ccc2N)C(F)(F)F
CHEMBL329217,COc1ccc(Cn2c(CC(C)(C)C(=O)O)c3SC(C)Cc4c(OCc5ccc(cn5)c6ccccc6)ccc2c34)cc1
CHEMBL1433884,CCOc1ccc(NC(=O)N2CCC(=CC2)c3c[nH]c4ccccc34)cc1
CHEMBL288341,Cc1nc(sc1COc2ccc(CCC(=O)O)cc2)c3ccc(cc3)C(F)(F)F
CHEMBL419206,C(Cc1c[nH]cn1)Nc2nccs2
CHEMBL3941277,CC[C@@H](CNS(=O)(=O)CC)N1[C@@H]([C@H](C[C@](C)(CC(=O)O)C1=O)c2cc(F)cc(Cl)c2)c3ccc(Cl)cc3
CHEMBL3697094,CN1CC(=O)N(CCOc2ccc(CN(C[C@@H]3CC[C@H](CC3)C(=O)O)C4CCc5cc(Cl)ccc45)cc2C)C1=O
CHEMBL3677526,COCCS(=O)(=O)C(C(=O)NCCS(=O)(=O)N)c1nc2ccc(cc2s1)c3ccnc(O)c3
CHEMBL3410725,CCCCOc1c(OC)ccc2C=C(C(=O)NC(C)C)C(=O)Oc12
CHEMBL293398,Cc1cc(C)c(NC(=O)c2sccc2S(=O)(=O)Nc3onc(C)c3Cl)c(Cl)c1
CHEMBL1951671,COc1cccc(c1)N2C=Cc3c(sc4nccc(OC)c34)C2=O
CHEMBL1450768,CN(CC(=O)Nc1ccc(F)c(F)c1F)C(=O)c2ccc(O)nc2
CHEMBL1531955,CC(C)Oc1cccc(c1)C(=O)NC(=S)Nc2cccc(NC(=O)c3ccccc3Cl)c2
CHEMBL58280,COC(=O)C1C2CCC3CC1\C(=C\c4ccc(F)c(F)c4)\CN23
CHEMBL1505519,Cc1ccc(cc1)C(=O)N2N3C=CC=CC3=NC2=S
CHEMBL388388,CC(C)OC(=O)c1cnc2c(cnn2CC(Cl)c3ccccc3)c1N4CCOCC4
CHEMBL1612337,CCC(N=C(S)NCc1ccc(F)cc1)c2ccc(C)cc2
CHEMBL1410357,Nc1ccc2nn(nc2c1)c3ccccc3
CHEMBL258432,Oc1ccc(OCc2ccc3ccccc3n2)cc1C4(CC5CCC4C5)c6ccccc6
CHEMBL1672318,Oc1cc(ccn1)c2cc(Nc3cnc4ccccc4c3)nc(n2)N5CCOCC5
CHEMBL1375884,Cc1cccc(CS(=O)(=O)c2ncc(Cl)c(n2)C(=O)Nc3ccc(F)cc3)c1
CHEMBL107955,CCOC(=O)N1CCN(CC1)C(=O)[C@H](Cc2cccc(c2)C(=N)N)NS(=O)(=O)c3c(cc(cc3C(C)C)C(C)C)C(C)C
CHEMBL176063,CN[C@H](Cc1ccccc1)C(=O)N[C@@H](C(C)C)C(=O)NC(CCCN=C(N)N)C(=O)c2nc3ccccc3s2
CHEMBL3910940,CC[C@]1(CCN(C1)C(=O)C(C)(C)N)N2CCc3c2nc(nc3c4cnc(N)nc4)N5CCOCC5
CHEMBL4066953,Cc1nnc2sc(C(=O)NCc3ccc(cc3)c4ccncc4F)c(N)c2c1C
CHEMBL37696,COc1ccc(OCCCC(=O)O)cc1Cc2cnc(N)nc2N
CHEMBL315755,COCCc1ncc(C(=O)O)c(NCc2ccc(cc2)c3ccccc3c4nn[nH]n4)n1
CHEMBL1482500,CCN1C=C(C(=O)O)C(=O)c2cc(F)c(cc12)N3CCN(CC3)C(=S)NC(=O)c4cccc(F)c4
CHEMBL372093,OC1OC(=O)C[C@@H]1NC(=O)[C@@H]2CCc3nc4cc(nc4c(O)n23)c5ccccc5
CHEMBL4115239,CCn1cc(cn1)c2cc3c(n[nH]c3cn2)c4ccc(C)c(n4)N5C[C@@H](N)C[C@@H](F)C5
CHEMBL35019,N\C(=C(\C#N)/c1cccc(c1)C(O)(c2ccccc2)c3ccccc3)\Sc4ccccc4N
CHEMBL3952871,CC1(C)CCC(=C(C1)c2ccc(Cl)cc2)CN3CCN(CC3)c4ccc(C(=O)NS(=O)(=O)c5ccc(NC6CCN(CC6)C(CF)CF)c(c5)[N+](=O)[O-])c(Oc7cnc8[nH]ccc8c7)c4
CHEMBL1475693,CC(C)C1=C(CN(C)C(C)Cc2ccccc2)N(C)N(C1=O)c3ccccc3
CHEMBL1386190,Cl.CCN1CCN(CC(=O)Nc2ccc(cc2)C(=O)C)CC1
CHEMBL570198,CC1(C)C(C(=O)c2cn(CCn3cccc3)c4ccccc24)C1(C)C
CHEMBL493888,CNc1ncnc2c1ncn2[C@@H]3SC[C@@H](O)[C@H]3O
CHEMBL3891905,CNc1ccc(cc1[N+](=O)[O-])S(=O)(=O)NC(=O)c2ccc(cc2Oc3cccc4[nH]ccc34)N5CCN(CC6=C(CC(C)(C)CC6)c7ccc(Cl)cc7)CC5
CHEMBL3942495,CNc1nnc(s1)c2ccc3[nH]cc(c4cccc(n4)N5CCCC5=O)c3c2
CHEMBL3120743,Nc1cccnc1Nc2ccc(cc2)S(=O)(=O)N
CHEMBL1346334,Cl.CC(CO)NCC12CC3CC(CC(C3)C1)C2
CHEMBL1527135,CCOc1ccccc1NC(=O)CN2C(=O)N(C(=O)c3oc4ccccc4c23)c5ccccc5
CHEMBL220696,C[C@H](CO)Nc1nc(cc(N)c1C#N)C(=O)NCc2ccc(cc2)S(=O)(=O)C
CHEMBL242024,Cc1ccc(Nc2nnc(SCc3csc(C)n3)[nH]2)cc1
CHEMBL416117,CC(C)c1ccc(cc1)C(=O)N[C@H]2[C@@H](C)O[C@H]([C@@H]2O)n3cnc4c(NC5CCCC5)ncnc34
CHEMBL383417,NC1=C(C(=O)Nc2ccccc12)c3nc4ccccc4[nH]3
CHEMBL1497576,COc1ccc(Oc2nc3N(C)C(=O)N(C)C(=O)c3n2Cc4cccc(OC)c4)cc1
CHEMBL180777,NNC(=O)[C@H](Cc1ccccc1)NC(=O)[C@H](Cc2ccccc2)NC(=O)[C@@H]3CCCN3C(=O)[C@@H](N)Cc4ccc(O)cc4
CHEMBL200775,O=C(N[C@H](C(=O)NCC#N)c1ccccc1)OCc2ccccc2
CHEMBL1567854,C(C1NCCN1)c2cccc3ccccc23
CHEMBL3822524,COc1cc(ccc1Nc2ncc(C3CC3)c(Nc4ccccc4P(=O)(C)C)n2)N5CCC(CC5)N6CCN(C)CC6
CHEMBL3765403,Cc1ccn(n1)c2cc(Cl)ccc2[C@@H](Oc3cc(nc(N)n3)N4CCC(CNCC(=O)O)CC4)C(F)(F)F
CHEMBL269954,CN[C@@H](C)C\C=C\c1cncc(OC)c1
CHEMBL299743,Cn1c(Cc2ccc(cc2)C(=N)N)nc3cc(NS(=O)(=O)c4cccnc4)ccc13
CHEMBL1560541,Clc1ccc(c(Cl)c1)C(Cl)(Cl)Cl
CHEMBL3358341,CN1CCN(CC1)c2ccc(NC3=CC(=CN(C)C3=O)c4cccc(N5CCc6cc(cc(F)c6C5=O)C(C)(C)C#N)c4CO)nc2
CHEMBL11313,CC(O)c1cnc2C(=C3CCN(CC3)C(=O)C)c4ccc(Cl)cc4CCc2c1
CHEMBL3938745,CCc1cncc(c1)c2cnc3N(CCCc3c2)C(=O)N
CHEMBL1605314,CC(OC(=O)c1ccccc1N2C(=O)C3C4CCC(C4)C3C2=O)C(=O)c5ccccc5
CHEMBL1910322,O[C@@]1(CCNC[C@@H]1C(=O)N(Cc2cn(Cc3ccncc3)c4cccc(F)c24)C5CC5)c6ccc(F)c(F)c6
CHEMBL1589169,CC1CN(CC(C)O1)C(=O)COC(=O)c2ccc(N)c(c2)[N+](=O)[O-]
CHEMBL3932867,Fc1ccc(cc1)S(=O)(=O)[C@]2(CCN(C2)C(=O)c3ccncc3)c4ccc(cc4)C(F)(C(F)(F)F)C(F)(F)F
CHEMBL352742,CN(C)c1ccc(cc1)c2cc(c3cccc(I)c3)c4c(N)ncnc4n2
CHEMBL3797895,COc1cc2c(Nc3c(C)c(O)ccc3F)ncnc2cc1OCCN4CCCC4
CHEMBL540840,Cl.Cl.CN(C(=O)CNC(=O)\C=C\c1ccc(NC(=O)C)nc1)c2ccc(Cl)c(COc3cccn4c(Br)c(C)nc34)c2Cl
CHEMBL1791078,COC(=O)[C@@H](NP(=O)(O)OC[C@H]1O[C@H](C[C@@H]1O)N2C=C(F)C(=O)NC2=O)C3C=Nc4ccccc34
CHEMBL603977,C[C@@H](Cc1ccccc1)Nc2ncnc3c2ncn3C4O[C@H](CO)[C@@H](O)[C@@]4(C)O
CHEMBL274629,CC[C@@H](NC(=O)c1c(OCC(=O)N(C)C)c(nc2ccccc12)c3ccccc3)c4ccccc4
CHEMBL1537321,COc1ccccc1C(=O)Nc2cc(C)on2
CHEMBL3680567,COc1ccc(cc1)C(=O)Nc2cccc(CNc3ncnc4c(cc(CO)cc34)C(=O)N)c2
CHEMBL526896,C[C@H](CS)C(=O)N1[C@H](CC[C@H]1C(=O)O)SCc2cccc3ccccc23
CHEMBL1603769,CN(Cc1ccccc1)Cc2nc3N(C)C(=O)N(C)C(=O)c3n2Cc4ccc(F)cc4
CHEMBL4082168,CCc1nc(N)cc(C)c1c2cc(F)c(F)c3c(C)c[nH]c23
CHEMBL1390455,COc1ccc(cc1C(=O)N2CCCCC2)S(=O)(=O)NC(C)c3ccccc3
CHEMBL1335023,COc1ccc(cc1)c2csc(NC(=O)C3CCCO3)n2
CHEMBL3781899,NC1=N[C@H](CO1)c2ccccc2
CHEMBL3190745,COc1ccc(cc1)C(=O)N\N=C\c2ccc3cccc(O)c3n2
CHEMBL1318426,C=C1CN(Cc2ccccc2)S(=O)(=O)c3ccccc13
CHEMBL4098882,OC(=O)CN1C(=O)C(=Nc2cc(O)ccc12)\C=C\c3ccc(O)c(O)c3
CHEMBL565838,O=C(NC1(CC1)c2ccccc2)[C@@H]3CCC[C@H]3c4cc(on4)c5ccccc5
CHEMBL212733,OC(=O)c1c2CCCCc2ccc1NS(=O)(=O)c3ccccc3NCCCN4CCOCC4
CHEMBL3681346,COc1cncc(c1)c2ccc3c(c2)nc(c4cccc(c4)C(=O)N)n3C(C)(C)C
CHEMBL3039522,CC[C@H](NC(=O)[C@H](C)NC)C(=O)N1C[C@@H](O)C[C@H]1Cc2c([nH]c3cc(F)ccc23)c4[nH]c5cc(F)ccc5c4C[C@@H]6C[C@H](O)CN6C(=O)[C@H](CC)NC(=O)[C@H](C)NC
CHEMBL570588,OC(=O)[C@@H]1CC[C@H](CC1)OC[C@@H]2C[C@H](F)CN2C(=O)Cc3ccc(Nc4oc5ccccc5n4)c(Cl)c3
CHEMBL90697,COc1ccc(cc1)N(C(C)C)C(=O)CN2C(=O)C(Cc3n[nH]c4cc(F)ccc34)C(=O)N(c5ccccc5)c6ccccc26
CHEMBL2381238,O=C(Nc1ccccc1N2CCNCC2)c3csc(n3)N4Cc5ccccc5C4
CHEMBL3192831,[O-][N+](=O)c1cc(\C=N\n2c(S)nnc2c3ccncc3)ccc1Cl
CHEMBL3670840,OC(=O)CNC(=O)C1=C2C=C(C=CC2=C(O)OC1=O)c3cc(F)c(F)c(F)c3
CHEMBL1096994,[I-].[I-].C[n+]1ccc2c3ccccc3n(CCCCCCCCCCCCn4c5ccccc5c6cc[n+](C)cc46)c2c1
CHEMBL1579857,O=C(COC(=O)C1=COCCO1)NC2CCCCCCC2
CHEMBL2048247,COc1ccc(cc1)c2ccnc(NC(P(=O)(O)O)P(=O)(O)O)c2
CHEMBL2087651,CS(=O)(=O)c1ccc(cc1)c2[nH]c3ncnc(NC[C@@H]4CCCO4)c3c2c5ccccc5
CHEMBL2371532,CC(C)C[C@@H](NC(=O)[C@@H](Cc1ccc2ccccc2c1)NC(=O)[C@H](Cc3ccc(O)cc3)NC(=O)[C@H](CO)NC(=O)[C@@H]4CNC(=O)[C@@H](Cc5ccc(Cl)cc5)NC(=O)[C@H](CC(=O)N4)NC(=O)C)C(=O)N[C@@H](CCCN=C(N)N)C(=O)N6CCC[C@H]6C(=O)N[C@H](C)C(=O)N
CHEMBL1870066,CN1C(=O)N(C)c2[nH]c(C=Cc3ccc4OCOc4c3)nc2C1=O
CHEMBL1534723,O=S(=O)(Nc1ccccc1N2CCCCC2)c3cccs3
CHEMBL98011,COC(=O)C1(Cc2ccccc2)CCc3ccc(Cc4ccccc4)cc13
CHEMBL3234963,Nc1nc(SCc2csc(n2)C3CCCCC3)nc(c4ccc5OCOc5c4)c1C#N
CHEMBL3729013,Brc1ccc(NC(=O)[C@@H]2[C@@H]3C=C[C@H]([C@H]2C(=O)NC4CCNC4)C35CC5)cc1
CHEMBL612006,CS(=O)(=O)c1cccc(Oc2cccc(c2)c3c(CN4CCCCC4)nc5c(cccn35)C(F)(F)F)c1
CHEMBL3814683,CC1(CCOCC1)c2ccc(Cn3c(cc4ncc(Cl)cc34)C(=O)O)cc2
CHEMBL1403250,Clc1ccc(cc1)C(=O)NCCc2cccs2
CHEMBL1518700,CC(=O)N1CCc2cc(ccc12)C(=O)CN3CCCN(Cc4ccc(F)cc4)C3
CHEMBL3652220,CNC(=O)c1nn(C)c2c1CCc3cnc(Nc4cc(ccc4OC)N5CCN(C)CC5)nc23
CHEMBL341426,OC(=O)CCCCO\N=C(\c1cccc(c1)C(F)(F)F)/c2ccncn2
CHEMBL492988,O=C(NCc1cccc(c1)c2cccc(CN3C[C@@H]4C[C@H]3CN4)c2)c5ccc6OCOc6c5
CHEMBL478874,COc1c(O)c(O)c(O)c2C(=O)C=C(Oc12)c3ccc(O)c(O)c3
CHEMBL3670223,CCc1ncnc(N2CCC(CC2)OC)c1C#Cc3ccc(NC)nc3
CHEMBL2313167,Cc1ccc(c(C)c1)S(=O)(=O)N2CCC(CC2)C(=O)Nc3ccccc3
CHEMBL1465049,Oc1ccc(NCc2ccccc2OCc3ccccc3)cc1
CHEMBL3919663,Cn1cc(nc1C2CCN(CC2)c3cc(N)ncn3)c4ccc(F)c(c4)C(F)(F)F
CHEMBL3644104,O=C(N[C@H]1CC[C@H](C1)C2CCCCC2)Nc3cccc4[nH]ncc34
CHEMBL490246,CCCCCCCOc1cc(O)cc(OCCCCCCCCCCC(=O)NC2CC2)c1
CHEMBL3703176,CCc1cccc(CC)c1NC(=O)c2c(C)n(C)c3c2CCc4cnc(Nc5ccc(cc5OC)N6CCC(CC6)N7CCCC7)nc34
CHEMBL511737,COc1ccc(N\C(=N/C(=O)c2ccc(OC)cc2)\N[C@H]3CCCCN(CC(=O)N4CCCC4)C3=O)cc1
CHEMBL1320143,OC(=O)c1cccc(NC(=O)CCN2C(=S)S\C(=C/c3ccc4OCOc4c3)\C2=O)c1
CHEMBL4078141,Nc1ncc2ccc(Cl)cc2c1C#Cc3ccc(cc3)C(=N)NO
CHEMBL3948585,Oc1ccc(cc1)N(C(=O)c2cc(c3cc(Cl)ccc3C(=O)N4Cc5ccccc5C[C@H]4CN6CCOCC6)n7CCCCc27)c8ccccc8F
CHEMBL1329532,OC1c2ccccc2c3c1nc4CCCCc4[n+]3[O-]
CHEMBL3903332,CC1(CCCN1c2ccn3ncc(NC(=O)N4CC(O)C4)c3n2)c5cccc(F)c5
CHEMBL1507540,Brc1oc(cc1)c2onc(n2)c3cccnc3
CHEMBL413270,CCO[C@@H]1CC[C@@](CS)(CC1)C(=O)N[C@@H](Cc2ccccc2)C(=O)Nc3ccc(OC(F)(F)F)cc3
CHEMBL1438597,CCn1nc(NC(=O)c2cccnc2)c3cc4cccc(C)c4nc13
CHEMBL3690673,CCOc1ccc(cc1)C#Cc2ccc(cc2)C(C)NC(=O)C(C)OCC(F)(F)F
CHEMBL1385305,COC(=O)c1ccc(C(=O)OC)c(NC(=O)CSCc2ccc(Br)cc2)c1
CHEMBL1407816,CC(C)O.OC(=O)CCCCCNC1=Nc2ccccc2CC1
CHEMBL3685531,CCn1cc(NC(=O)c2nc(cnc2Nc3cncnc3)C4CC4)c(n1)C(=O)NCC5CCCO5
CHEMBL317564,COc1ccc2c(ccn2CC(C)N)c1
CHEMBL1477293,Cc1ccn2cc(CNS(=O)(=O)c3ccc4OCCOc4c3)nc2c1
CHEMBL1550253,CC(=O)Nc1ccc(cc1)S(=O)(=O)NNC(=O)c2ccc(cc2)S(=O)(=O)N3CCCCC3
CHEMBL3645447,CN(Cc1cnc[nH]1)c2cc(Cl)cc(Cl)c2
CHEMBL1612104,CCOc1ccc(NCCC(O)c2ccc(F)cc2)cc1
CHEMBL3684067,NC(=O)c1nc(Nc2ccnc3ccccc23)sc1NC(=O)c4ccc(Cn5ccnc5)cc4
CHEMBL3194416,Clc1ccccc1CC2=NN3C(=NC2=O)S\C(=C\4/C(=O)N(CC=C)c5ccccc45)\C3=O
CHEMBL512480,NCC(C(=O)Nc1ccc(s1)c2ccnc3[nH]ccc23)c4ccccc4
CHEMBL4110338,Fc1ccc(cc1)c2nc(n[nH]2)c3ccc(cc3)[C@H]4CNCCO4
CHEMBL2413107,CCNC(=O)[C@H]1O[C@H]([C@H](C)[C@@H]1C)n2cnc3c(NCCCCCCCCCCNS(=O)(=O)c4cccc5c(cccc45)N(C)C)ncnc23
CHEMBL1443558,COc1ccc(\C=C\c2oc(NCCc3ccccc3)c(n2)C#N)cc1OC
CHEMBL1824895,CC(Oc1cc(cnc1N)c2cnn(c2)C(C)(C)C(=O)NCCN(C)C)c3c(Cl)ccc(F)c3Cl
CHEMBL256801,CN1CCc2nc(sc2C1)C(=O)NC3CN(CCC3NC(=O)c4cc5cc(Cl)ccc5[nH]4)C(=O)C
CHEMBL1472693,CC(CNc1nc2c(nnn2c3ccccc13)c4ccc(C)cc4)c5ccccc5
CHEMBL3983778,COC(=O)Nc1nc2cc(ccc2[nH]1)C3(O)N(C(=O)c4ccccc34)S(=O)(=O)c5ccccc5
CHEMBL439287,CC(C)[C@H](NC(=O)[C@@H](Cc1c[nH]c2ccccc12)NC(=O)[C@H](Cc3ccc(O)cc3)NC(=O)[C@@H](N)CC(=O)O)C(=O)N[C@H](Cc4c[nH]c5ccccc45)C(=O)N[C@H](Cc6c[nH]c7ccccc67)C(=O)N[C@H](Cc8c[nH]c9ccccc89)C(=O)O
CHEMBL1478837,Clc1ccc(OCCCC(=O)Nc2ccncc2)c(Cl)c1
CHEMBL564935,O=C(N([C@H]1CCNC1)c2ccccc2)c3ccccc3Oc4ccccc4
CHEMBL3684063,NC(=O)c1nc(Nc2ccc3ncccc3c2)sc1NC(=O)c4ccc(Cn5ccnc5)cc4
CHEMBL3935004,Cc1ccc(cc1c2[nH]c(nc2C#N)C3(C)COC3)C(=O)N4CC(C4)c5ccc(cc5)C#N
CHEMBL2326275,CCCCCCCN(Cc1ccc(cc1)N(CC)CC)S(=O)(=O)c2ccc(F)cc2
CHEMBL1350615,Fc1ccc(OCc2oc(N3CCC(Cc4ccccc4)CC3)c(n2)C#N)cc1
CHEMBL1257403,NC[C@@H](Cc1ccc(Cl)cc1)C(=O)N2CCN(CC2)c3ncnc4[nH]ccc34
CHEMBL3692478,CC(C)(O)C#Cc1cc2c(OCCn3c2nc(C(=O)N)c3c4nc(n[nH]4)C5CC5)cc1F
CHEMBL1556113,O=C(NCC1CCCO1)c2cc(on2)c3ccccc3
CHEMBL1082966,ONC(=O)C1(CCOCC1)S(=O)(=O)c2ccc(cc2)N3CCN(CC3)c4ccccc4F
CHEMBL2046618,ONC(=O)c1nc2CCN(CCCCNC(=O)c3ccc(s3)c4ccccc4)Cc2s1
CHEMBL1994040,CC(C)(O)CNc1nccc(n1)c2c(nc3c(CC4CC4)nccn23)c5ccc(F)cc5F
CHEMBL3971764,NC(=O)Cn1cc(cn1)c2cc3c(n[nH]c3cn2)c4cccc(F)n4
CHEMBL3647342,Cn1cnc(c1)c2ccn3c(cnc3c2)c4cccc(NC(=O)NCC(F)(F)F)c4
CHEMBL3921911,OC(CNC(=O)COc1cccc2NC(=O)C=Nc12)CN3CCc4ccccc4C3
CHEMBL1230201,CC[C@@H](NC(=O)c1cc2[nH]nc(NC(=O)c3ccc(cc3)N4CCN(C)CC4)c2s1)c5ccccc5
CHEMBL3680675,CN([C@H]1CCc2c(C1)c3cc(F)ccc3n2CC(=O)O)c4nc5ccc(F)cc5s4
CHEMBL387641,Cc1cccc(C)c1Nc2ncc(c3cccs3)n4cncc24
CHEMBL246468,COCCOc1ccc(cc1)N2CCN(CCn3cnc4c3nc(N)n5nc(nc45)c6ccccc6)CC2
CHEMBL3683889,Cc1cc(cnc1C(=O)Nc2cc(F)c(Cl)c(c2)[C@@]3(CF)N=C(N)O[C@@H]4C[C@H]34)C#N
CHEMBL1308020,CN(C)c1ccc(cc1)C2Nc3ccccc3C(=O)N2CCCN4CCOCC4
CHEMBL221147,C[C@@H](CC(=O)O)c1ccc(CN2C=CC=C(C2=O)c3ccc(NC(=O)Nc4ccccc4C)cc3OC(F)(F)F)cc1
CHEMBL3666442,CC(C)n1cc(C(=O)c2cncc(NC(=O)c3c(C)nc4ncccn34)c2)c5cncnc15
CHEMBL3747248,COc1cccc(Nc2c(cnc3c(C(C)C)c(nn23)S(=O)(=O)C)C(=O)N)c1
CHEMBL3127004,CCN(CCCCCCOc1ccc(cc1)C2=COc3cc(OCCCCCCN(CC)Cc4ccccc4OC)cc(O)c3C2=O)Cc5ccccc5OC
CHEMBL63768,COc1cccc2OC(c3ccccc3)c4c(Br)c(NS(=O)(=O)C)ccc4c12
CHEMBL3218125,CC(=NNc1nc(cs1)c2ccc3ccccc3c2)C
CHEMBL2089348,O[C@H]1[C@@H](O)[C@@H]([C@H]2C[C@@H]12)n3cnc4c(NCC(c5ccccc5)c6ccccc6)nc(nc34)C#Cc7ccccc7
CHEMBL220491,CCN[C@H]1CN(CCCOC)S(=O)(=O)c2sc(cc12)S(=O)(=O)N
CHEMBL564939,N[C@@H](Cc1ccc(O)cc1)C(=O)N2CC(C2)C(=O)N[C@@H](Cc3ccccc3)C(=O)N[C@@H](Cc4ccccc4)C(=O)N
CHEMBL497804,O[C@H]1CN[C@@H](C1)C#Cc2cc3ncnc(Nc4ccc(OCc5cccc(F)c5)c(Cl)c4)c3s2
CHEMBL308601,CC(O)(C(=O)Nc1ccc(Cl)cc1Cl)C(F)(F)F
CHEMBL3703707,Cc1cc(ccn1)c2n[nH]c3cc(NC(=O)NCCc4ccccc4)ncc23
CHEMBL1327950,COc1ccc(CN2CCN(CC2)C(=O)C3CN(C4CCCCCC4)C(=O)C3)c(OC)c1OC
CHEMBL415152,Cc1cc(C)c2cccc(OCc3c(Cl)ccc(c3Cl)S(=O)(=O)NC4(CCCC4)C(=O)N5CCN(CC5)C(=O)C[N+](C)(C)C)c2n1
CHEMBL3682568,Cc1c(ncc2ccccc12)N(Cc3ccc4c(CCC4(C)C)c3)S(=O)(=O)c5ccc(cc5)C(=O)O
CHEMBL1469791,COc1cc(cc(OC)c1OC)C(=O)NNC(=S)NC(=O)c2ccc(F)cc2
CHEMBL2204519,C[C@H](NC(=O)c1ccc(nc1)N2C3CCC2CC(C3)NC(=O)c4ccc(C(=O)N)c(NC5CCC5)c4)c6ccc(cc6)N7CCN(C)CC7
CHEMBL1368428,[I-].CN(C)c1ccc(\C=C\c2cc[n+](C)cc2)cc1
CHEMBL392559,Clc1ccc(CN2C[C@@H]3C[C@H]2CN3)cc1C(=O)NCC45CC6CC(CC(C6)C4)C5
CHEMBL3114822,OCCCCCCCCCCCCCCCN[C@H](CO)Cc1ccc(O)cc1
CHEMBL3652404,C[C@H]1CN(C[C@@H]1CO)S(=O)(=O)C[C@@H]2CC[C@H](CC2)N(C)c3ncnc4[nH]ccc34
CHEMBL235232,CN(C)c1ccc(cc1)c2nc3cccnc3[nH]2
CHEMBL1588641,Oc1ccccc1C(=O)NNC(=O)c2ccc(Br)cc2
CHEMBL1312220,Cc1cc2cc(C)c(NCCNC(=O)c3cccc(F)c3)nc2cc1C
CHEMBL417049,CN(CCOC(c1ccccc1)c2ccccc2)C3CCN(CCCc4ccccc4)CC3
CHEMBL1682348,Clc1cccc(Cn2cc(nn2)c3ccc4[nH]ncc4c3)c1
CHEMBL1200873,Cc1ccc(cc1)N(CC2=NCCN2)c3cccc(O)c3.CS(=O)(=O)O
CHEMBL1566592,CCc1ccccc1NC(=O)CCc2onc(n2)c3cccs3
CHEMBL3260625,Cc1cc(C)cc(NCc2nc(c3ccc4ncnn4c3)c([nH]2)c5cccc(C)n5)c1
CHEMBL3918789,COC[C@H](CO)NC(=O)c1cc(NC(=O)c2cc(c(Cl)cc2Cl)c3ccccn3)n(n1)c4ccccc4
CHEMBL576372,Cc1n[nH]c2cnc(cc12)c3cncc(OC[C@@H](N)Cc4cccc(OCC5CCNCC5)c4)c3
CHEMBL1277126,OC(=O)C1=CCN(CC1)C2CCC3(C2)Cc4ccccc4Oc5ccccc35
CHEMBL67415,O=C1Nc2[nH]cnc2C(=O)N1CC#C
CHEMBL1467237,COc1cc(cc(OC)c1OC)C(=O)N2C(=O)c3cccc(N)c3C2=O
CHEMBL1829084,Cc1cc(sc1Cc2ccc(cc2)C(C)(C)C)[C@@H]3O[C@H](CO)[C@@H](O)[C@H](O)[C@H]3O
CHEMBL1553909,COc1ccc(cc1OC)c2noc(n2)c3ccc(C)cc3Cl
CHEMBL1340519,Clc1ccc2nc(NNC(=O)c3cc(nc4ccccc34)c5cccs5)sc2c1
CHEMBL1336550,C=CCOc1ccc(cc1)C(=O)NC2CCCCC2
CHEMBL319818,NS(=O)(=O)c1ccc(Nc2ccnc(NS(=O)(=O)c3c(F)c(F)cc(F)c3F)n2)cc1
CHEMBL254389,CCCCOc1ccc(cc1)S(=O)(=O)N2CC(C[C@@H]2C(=O)NO)N3C(=O)CN(CCC)C3=O
CHEMBL355527,C=CCOc1ccc2CCNCCc2c1
CHEMBL8079,CS(=O)(=O)N[C@H](C(c1ccccc1)c2ccccc2)C(=O)N3CCC[C@H]3C(=O)NCc4csc(CN)c4
CHEMBL3677241,Oc1ccc(\C=C\C(=O)CC(=O)\C=C\c2cc(O)ccc2Br)cc1
CHEMBL3985682,OCC1(CCOCC1)C(=O)N2CC[C@](C2)(c3ccc(cc3)C(OCc4c(F)cccc4F)(C(F)(F)F)C(F)(F)F)S(=O)(=O)c5ccc(F)cc5
CHEMBL1651552,CCCCCCCCN1C[C@H](O)[C@@H](O)[C@H](O)[C@H]1CO
CHEMBL2234449,COc1cc2nc3CC(CNC(=O)c4cocc4)CCc3c(N)c2cc1OC
CHEMBL1078066,CS[C@@]1(CN[C@@H](C1)C(=O)N[C@@H](Cc2ccccc2)C#N)c3ccccc3
CHEMBL4066095,O=C(C1CCOCC1)N2CCN(CC2)C(=O)c3ccc(Nc4nc5ccccc5n6nnnc46)cc3
CHEMBL1221802,O[C@@H](CNC1CCN(CCN2CCCCCC2)CC1)c3ccc(O)c4NC(=O)Sc34
CHEMBL1470018,CCOc1ccc(NC(=O)Nc2ccccc2SC)cc1
CHEMBL569949,Clc1cccc(c1Cl)c2ccc(nc2)N3CCCOCC3
CHEMBL1320389,COc1ccc(cc1)c2csc(CCn3nc(C)cc3C)n2
CHEMBL1084631,Fc1ccc(cc1)c2ccc(NC(=O)NCCCCN3CCCCC3)cc2
CHEMBL1333968,COCCNc1nc(nc2ccccc12)c3ccccc3C(F)(F)F
CHEMBL2372355,Cl.CC(C)[C@H](N)C(=O)N1CCC[C@H]1C(=O)N[C@@H](Cc2ccccc2)C(=O)C(F)(F)F
CHEMBL180903,Clc1cccc(Cl)c1C(=O)c2ccc3nc(Nc4ccc(cc4)S(=O)(=O)NC(=O)c5ccccc5)cn3c2
CHEMBL1364883,Cc1ccc(cc1)S(=O)(=O)N2CCCC2C(=O)Nn3cnnc3
CHEMBL1302645,CCCC1=CC(=O)Oc2cc(OCc3cc(OC)c(OC)c(OC)c3)c(Cl)cc12
CHEMBL3671907,OC(=O)CNC(=O)c1nc(c2cncc(F)c2)c3C(=O)N(Cc4ccccc4)C=Cc3c1O
CHEMBL235536,COc1ccc(CC(O)(CC(C)(C)c2cc(F)ccc2OC)C(F)(F)F)cc1
CHEMBL125656,CC(C)CC(C(=O)N(CC#N)OC(=O)C(F)(F)F)c1cccc(c1)c2ccncc2
CHEMBL1411009,C[C@@]1(C=C[C@@H](Cc2ccccc2)N1C(=O)c3ccccc3)C(=O)NCCc4c[nH]c5ccccc45
CHEMBL170793,Cc1oc(CNCCCCCCNCCCCCCCCNCCCCCCNCc2oc(C)cc2)cc1
CHEMBL3193256,C\C(=N/NC(=O)OC(C)(C)C)\c1cccc(c1)[N+](=O)[O-]
CHEMBL4097867,CC1=CC(=O)Oc2cc(OCc3ccc(Br)cc3)ccc12
CHEMBL3924351,C[C@@H](CO)COc1n[nH]c2cc(NC(=O)N[C@H](C)c3ccccc3)ncc12
CHEMBL1455508,CC1=CC(=O)Oc2cc(OCCCN3CCN(CC3)c4ccccc4C)ccc12
CHEMBL1940988,C[C@H]1COc2c(NCCCc3ccccn3)c(F)c(N)c4C(=O)C(=CN1c24)C(=N)NO
CHEMBL1311807,Cl.NCCc1oc(SCc2ccccc2Cl)nn1
CHEMBL1610279,CC1(CCC(=O)N1Cc2ccccc2)C(=O)NC3CCCC3
CHEMBL249560,COc1ccc(cc1)n2nc(CC(C(=O)O)c3ccc(C)cc3)cc2c4ccc(C)cc4
CHEMBL3641002,CCc1ncnc(c2ccc(C(=O)N3CCN(CC3)C4CC4)c(Cl)c2)c1C#Cc5ccc(N)nc5
CHEMBL4063889,CO[C@H]1C[C@@H](CC(=O)O)N(C1)c2ccc(Oc3ccccc3C)cc2
CHEMBL1601433,Fc1ccc(cc1)C(=O)c2ccc(cc2)N3CCCCC3
CHEMBL3114961,CCCCS(=O)(=O)N1C[C@@H]2[C@H](C1)[C@@]2(CNC(=O)c3ccc(Cl)cc3Cl)CC4CC4
CHEMBL475152,Cn1cc(\C=C\C(=O)NS(=O)(=O)c2ccc(F)c(F)c2)c3c(Oc4ccc(Cl)cc4F)cccc13
CHEMBL1814151,CCc1c(nn(c2ccc(Cl)cc2Cl)c1c3ccc(Cl)cc3)C(=O)NC(C)(C)c4nnn(C)n4
CHEMBL253921,CN(C)C(=O)c1cccc(NC2=NS(=O)(=O)N=C2N[C@@H](c3occc3)C(C)(C)C)c1O
CHEMBL3644202,CCc1nn(Cc2cccc(C)n2)c3cccc(NC(=O)c4cnc5cc(ccn45)N6CC[C@H](O)C6)c13
CHEMBL198810,C(=C\c1ccccc1)/C=C/c2ccccc2
CHEMBL386583,CCCC[C@H](NC(=O)C)C(=O)N1[C@@H](CC(=O)O)C(=O)N[C@H](Cc2c[nH]cn2)C(=O)N[C@@H](Cc3ccccc3)C(=O)N[C@H](CCCN=C(N)N)C(=O)N[C@@H](Cc4c[nH]c5ccccc45)C(=O)N[C@H](CCCCN)C1=O
CHEMBL2137199,OC(c1ccc(c(F)c1)c2ccc(CN3CCN(Cc4ccncc4)CC3)cc2)(C(F)(F)F)C(F)(F)F
CHEMBL3209638,COc1cc(\C=N\N(C)C2=NS(=O)(=O)c3ccccc23)cc(OC)c1OC
CHEMBL2159098,OC[C@H]1O[C@@H](Oc2n[nH]c(c2Cc3cccc(O)c3)C(F)(F)F)[C@H](O)[C@@H](O)[C@@H]1O
CHEMBL3198098,[O-][N+](=O)c1cccc(\C=N\NC(=O)c2oc3ccc4ccccc4c3c2)c1
CHEMBL1502018,OC(=O)CCNc1ccc(NCCC(=O)O)c2C(=O)c3ccccc3C(=O)c12
CHEMBL3656624,COc1cc(ccc1Nc2ncc3CCc4nn(C)c(C(C)C)c4c3n2)C(=O)NC5CCN(C)CC5
CHEMBL3290141,Cc1ccc(NC(=O)c2ccc3ccccc3c2)cc1C(=O)Nc4cnc(Nc5cccc(N)c5)nc4
CHEMBL367584,CN(C)[C@@H]1COc2ccc(cc2C1)c3c(C)cccc3C
CHEMBL2087081,Fc1cc(I)ccc1Nc2c(ccc3[nH]ncc23)C(=O)NOCC4CC4
CHEMBL3287705,CC(=O)c1ccc(OCCCCOc2cccc(C(=O)O)c2C)c(C)c1O
CHEMBL1091228,OC1CCC(CC1)Nc2nccc(n2)N(CC3CCNCC3)C(=O)c4ccc5OCCc5c4
CHEMBL3660417,Oc1ccc(cc1C=O)c2cocc2
CHEMBL2448133,CC[C@@H](C)OCc1ccc2c(c1)c3c4CNC(=O)c4c5c(Cc6ccccc56)c3n2CCCO
CHEMBL280296,CCS(=O)(=O)N1CCN(CC1)C(=O)Oc2ccc3[nH]c(c(CCNCCCCc4ccc(O)cc4)c3c2)c5cc(C)cc(C)c5
CHEMBL1243128,COC(=O)c1cccc2c3ccc4c(C=O)c[nH]c4c3[nH]c12
CHEMBL204870,Cc1ccc(CSCCC(N)C(=O)O)cc1C
CHEMBL1495096,Cc1nnc(SCc2ccccc2CSc3nnc(C)s3)s1
CHEMBL1318979,O=C(Nc1cccc(OC(=O)N2CCCCC2)c1)N3CCCCC3
CHEMBL1095945,CONC(=O)Nc1ccc(cc1)c2nc(N3CCOCC3)c4cnn(C5CCN(Cc6ccccc6)CC5)c4n2
CHEMBL3683833,NC1=N[C@@](C(F)F)([C@H]2C[C@H]2O1)c3cc(NC(=O)c4ccc(cn4)C#N)ccc3F
CHEMBL287605,CCN1C(=O)Cc2cc(CCN3CCN(CC3)c4nsc5ccccc45)ccc12
CHEMBL3196633,COc1cccc(\C=N\Nc2ccnc(O)n2)c1O
CHEMBL23073,[Cl-].CCn1c(\C=C\C=C\2/N(C)c3ccccc3C2(C)C)[n+](CCOC(=O)C)c4cc5ccccc5cc14
CHEMBL3697289,Cc1cc(C)nc(Oc2ccccc2c3ccc(c(F)c3)c4cnc(N)cn4)n1
CHEMBL1300636,CC(C)(C)OC(=O)N1CC(O)CC1C(=O)OCC(=O)c2ccc(Cl)cc2
CHEMBL3134099,CCC1(C)NC(=O)c2cc(cc(C)c2NC1=O)S(=O)(=O)Nc3ccc(F)cc3F
CHEMBL1450674,CN(NC1OC(=O)c2ccccc12)c3ccc(cc3[N+](=O)[O-])C(F)(F)F
CHEMBL3427131,CCCCCCCCCCCCCCCC(=O)C1=C(O)OC(C)(C)OC1=O
CHEMBL1444504,Cc1cc(C)cc(NC2=CC(=O)N(C3CCCCC3)C(=O)N2)c1
CHEMBL99263,N[C@@H](CCNCc1ccccc1)C(=O)N2CCCCC2
CHEMBL229280,CC(C)C[C@H](NC(=O)[C@@H]1CCCN1C(=O)[C@H](CC[S+](C)[O-])NC(=O)[C@H](Cc2ccccc2)NC(=O)CNC(=O)[C@@H](C)NC(=O)[C@@H](N)Cc3ccc(O)cc3)C(=O)N[C@@H](Cc4c[nH]c5ccccc45)C(=O)OCc6cc(cc(c6)C(F)(F)F)C(F)(F)F
CHEMBL490284,OCCNCc1c[nH]c2C(=O)NC=Nc12
CHEMBL511964,Cn1c(nc2cc(Cl)c(Cl)cc12)N(Cc3ccc(cc3)C(=O)Nc4nnn[nH]4)[C@@H]5CC[C@H](CC5)C(C)(C)C
CHEMBL2322376,Cc1ccc(cc1c2nc3ccncc3[nH]2)C(=O)N4CCC(CC4)c5ccc(cc5)C#N
CHEMBL456572,COCc1nc(Nc2ccc(cn2)C(F)(F)F)c3ccc(cc3n1)c4ncccc4C(F)(F)F
CHEMBL1322012,Clc1ccc(cc1)c2nsc3c(ncnc23)N4CCN(CC4)C(=O)N5CCCC5
CHEMBL92200,C[C@]1(CCCN1S(=O)(=O)c2cc(Cl)cc(Cl)c2)C(=O)N[C@@H](Cc3ccc(cc3)c4cccc(c4)C#N)C(=O)O
CHEMBL3686270,CC(Cc1ccc(cc1)C#Cc2ccnc(Oc3cncnc3)c2)NC(=O)C
CHEMBL398125,Clc1ccc(NC(=O)c2occc2)c(CN3C(=O)c4ccccc4C3=O)c1
CHEMBL2113701,CNC(=O)[C@H]1O[C@H]([C@@H]2OC(=S)O[C@H]12)n3cnc4c(NCc5cccc(I)c5)nc(Cl)nc34
CHEMBL1221791,Fc1cc(ccc1NC(=O)[C@H]2CN(CC3CC3)C[C@@H]2C(=O)Nc4ccc(Cl)cc4)N5C=CC=CC5=O
CHEMBL1741531,CC(C)(O)c1cn(nn1)c2nonc2N
CHEMBL3981481,Cn1cnc2c(nc(nc12)C#N)c3ccc(OCCC4CCN(CC(=O)N5CCC(CC5)C#N)CC4)c(c3)C(F)(F)F
CHEMBL2440667,Fc1cc(Oc2cncnc2)cc(c1)C(=O)Nc3nccs3
CHEMBL1951567,OC(=O)Cc1ccc(Oc2ccc(cc2NS(=O)(=O)c3ccc(Cl)cc3Cl)C(=O)NC4CC4)c(Cl)c1
CHEMBL3207477,Brc1cccc(\C=N\NC(=O)CNC(=O)c2cccs2)c1
CHEMBL48944,COc1cccc(c1)C2=C(C)N(Cc3ccccc3F)c4nc(c(CN(C)C)n4C2=O)C(C)(C)C
CHEMBL2356345,C[C@@H](CO)N1C[C@@H](C)[C@H](CN(C)S(=O)(=O)c2ccc(Cl)cc2)OCCCC[C@@H](C)Oc3ccc(cc3C1=O)N(C)C
CHEMBL84918,COc1ccc(cc1)S(=O)(=O)N(Cc2ccccc2)[C@H](Cc3ccccc3)C(=O)NO
CHEMBL2372812,CC[C@H](C)[C@H](NC(=O)[C@@H](N)Cc1ccc(OP(=O)(O)O)c(N)c1)C(=O)N[C@@H](CC(=O)N)C(=O)N
CHEMBL247652,COc1cc2Cc3c(n[nH]c3c4ccc(cc4)c5c[nH]cn5)c2cc1OC
CHEMBL1301413,Cc1onc(c2ccccc2)c1C(=O)Nc3c(C)cccc3C
CHEMBL3718304,CC(C)n1nc(cc1C2CCN(CC2)C3COC3)c4cnc5NCC(C)(C)c5c4
CHEMBL258403,Cc1cccc(Cl)c1NC(=O)c2cnc(NC3CC3)s2
CHEMBL22238,Clc1ccc(c(Cl)c1)S(=O)(=O)c2cc(Cn3ccnc3)ccc2C#N
CHEMBL462408,Cc1cc(ccc1CNC(=O)NCC(=O)Oc2ccccc2)C(=O)N3CCCCc4ccccc34
CHEMBL568104,Cn1nccc1c2cc(NC(=O)Nc3ccc(Cl)cc3)ccc2OCCN4CCC4
CHEMBL509396,COc1cc2nc(NC3CCCC3)nc(NC4CCCCCC4)c2cc1OC
CHEMBL8288,CC(C)(C)C#CC1Cc2ccsc2C(=N1)N
CHEMBL1452661,CCOC1=NN(C(=O)/C/1=C/N(C)C)c2ncc(cc2Cl)C(F)(F)F
CHEMBL365084,CN(C)CCN(Cc1ccc(cc1)c2ccc(CNCCc3ccccc3)cc2)C(=O)c4ccccc4.OC(=O)C(F)(F)F
CHEMBL130222,CC(=O)N[C@@H](CCCCN)C(=O)N[C@@H](CCCN=C(N)N)C(=O)NCCCCCCCCCCC(=O)N[C@@H](CO)C(=O)N1Cc2ccccc2C[C@@H]1C(=O)N3[C@H]4CCCC[C@H]4C[C@H]3C(=O)O
CHEMBL4085152,CC[C@H](C)[C@@H]1NC(=O)[C@H](Cc2ccc(O)cc2)NC(=O)CCSSC[C@H](NC(=O)[C@H](CC(=O)N)NC(=O)[C@H](CCC(=O)O)NC1=O)C(=O)N3CCC[C@H]3C(=O)N[C@@H](CC(C)C)C(=O)NCC(=O)N
CHEMBL3427234,CCOC(=O)CCc1ccc(cc1)c2ccc(CCN3CCC[C@H]3C)cc2
CHEMBL3932256,CC(Oc1cc(ccc1Nc2ncnc3cc(cc(C)c23)N=S(=O)(C)C)C(=O)N)c4onc(C)c4
CHEMBL3104540,Cc1c(CC(=O)NCCCO)cc(c2ccc(cc2)S(=O)(=O)C)n1c3ccc(F)cc3
CHEMBL248379,CCOc1ccccc1c2ccc(cc2)c3nc4ccc(F)cc4c(NC5(CCCC5)C(=O)O)c3C#N
CHEMBL380830,CCNC(=O)Oc1ccc2O[C@H]3C[C@](C)(CO3)c2c1
CHEMBL1520981,COc1ccc2nc(NC(=O)CSC3=NCCS3)sc2c1
CHEMBL254879,CN1CCN(CCOc2cn3ncnc(Oc4ccc(NC(=O)c5ccccc5F)cc4F)c3c2C)CC1
CHEMBL106229,Cc1ccccc1C(=O)Nc2ccc(cc2)C(=O)N3CCCNc4ccccc34
CHEMBL3192762,C\C(=N/c1ccc(Br)cc1)\c2sc3ccccc3c2O
CHEMBL3941588,OC(=O)c1c(nc2ccc(Cl)cc2c1c3ccccc3)N4CCCCC4
CHEMBL177783,Cc1ccc(cc1)c2cc3nc(nn3c(N)n2)c4occc4
CHEMBL37385,Fc1ccc2[nH]c3CC4CCC(N4CCCCC(=O)c5ccccc5)c3c2c1
CHEMBL1440994,Cc1ccc(C)c2c1cc(C)c3nnc(SCc4ccccn4)n23
CHEMBL498915,CNC(=O)[C@H](Cc1c[nH]c2ccccc12)NC(=O)[C@H](CC(C)C)CC(=O)NNS(=O)(=O)c3ccc(cc3)N4C(=O)CCC4=O
CHEMBL3697035,CC(C)(C)C(=O)Oc1ccc(cc1)S(=O)(=O)Nc2ccccc2\C=N\O
CHEMBL51710,COc1ccc(CCCCOC(=O)C2CCCCN2C(=O)C(=O)C(C)(C)C)cc1
CHEMBL2047452,CN[C@@H]1CCN(C1)C(=O)c2cc3cc(Cl)cc(C)c3[nH]2
CHEMBL1499365,Cc1ccc(cc1C)c2cc(C(=O)n3cnc4ccccc34)c5ccccc5n2
CHEMBL1779862,CC(C)N1CCc2nc(ccc2C1=O)C#Cc3ccccc3Cl
CHEMBL3965439,CC(C)C[C@H](NC(=O)[C@H](CCCCN)NC(=O)[C@H](C)NC(=O)[C@H](C)NC(=O)[C@H](CC(C)C)NC(=O)[C@H](CCCNC(=N)N)NC(=O)[C@H](CCC(=O)O)NC(=O)[C@H](Cc1ccccc1)NC(=O)[C@H](Cc2ccc(O)cc2)NC(=O)CNC(=O)[C@H](CC(=O)O)NC(=O)[C@@H](NC(=O)[C@H](Cc3ccccc3)NC(=O)[C@@H](NC(=O)[C@H](CC(=O)O)NC(=O)[C@H](CC(=O)N)NC(=O)[C@H](CCCCN)NC(=O)[C@H](CO)NC(=O)[C@H](CCC(=O)N)NC(=O)[C@H](Cc4ccccc4)NC(=O)C)C(C)C)C(C)C)C(=O)N
CHEMBL2440926,NCCN(CCNC(=O)CCCCC(=O)NCCCCNC(=O)\N=C(\N)/NCCC[C@@H](NC(=O)C(c1ccccc1)c2ccccc2)C(=O)NCc3ccc(O)cc3)CCNC(=O)CCCCC(=O)NCCCCNC(=O)\N=C(\N)/NCCC[C@@H](NC(=O)C(c4ccccc4)c5ccccc5)C(=O)NCc6ccc(O)cc6.OC(=O)C(F)(F)F
CHEMBL97574,C[C@@H]1[C@@H]([C@H]1C(N)(CC2c3ccccc3Oc4ccccc24)C(=O)O)C(=O)O
CHEMBL3651878,CCS(=O)(=O)N1CCC(CC1)c2cc(OC(C)C)c(Nc3nc(Nc4ccccc4S(=O)(=O)C(C)C)c5c(C)[nH]nc5n3)cc2C
CHEMBL1339448,Cc1ccc(cc1)c2nn(cc2\C=C(/C#N)\C(=O)NCc3ccccc3)c4ccccc4
CHEMBL3890597,Nc1ncnc(N2CCN(Cc3cc(Cl)c(Cl)cc3O)CC2)c1c4ccc(F)cc4
CHEMBL4074051,Brc1ccc(cc1)n2c(cc(\C=C\3/SC(=O)NC3=O)c2c4ccccc4)c5ccccc5
CHEMBL591047,CNC1CCN(CC1)c2nc(cnc2N3CCCC3)c4ccncc4
CHEMBL1559067,O=C1CCN(Cc2ccccc2)CCN1CCOc3ccccc3
CHEMBL237561,CC(C)Oc1ccc(Cl)cc1Nc2nc(NCCO)nc(n2)N3CCCC3
CHEMBL137171,NC(=N)c1ccc2[nH]c(cc2c1)C(=O)N3CCC(CC3)C(=O)NC(CC(=O)O)c4ccccc4
CHEMBL3109229,CCS(=O)(=O)c1ccc(CC(=O)Nc2ccc3c(ccn3CCc4ccc(F)cc4)c2)cc1
CHEMBL1316389,Cn1cccc1C(=O)N2CCC3(CCN(Cc4nccs4)CC3)CC2
CHEMBL3197632,C\C(=N\NC(=O)OC(C)(C)C)\c1occc1
CHEMBL1864436,CN1CCN(CC1)\C=N\c2c(C#N)c(c3ccccc3)c(c4ccccc4)n2Cc5occc5
CHEMBL3780349,COc1ccccc1N2CCN(CC2)c3ncnc4c3cnn4c5ccccn5
CHEMBL599784,Cc1ccc(Nc2nc(c(CC(=O)O)s2)c3ccc(Cl)cc3)cc1
CHEMBL251064,CC(C)CCN(C1Cc2ccc(SC(C)(C)C(=O)O)cc2C1)C(=O)Nc3ccc(OC(F)(F)F)cc3
CHEMBL3330682,COC(=O)[C@@H]1C[C@H](OC(=O)\C=C\c2cccnc2)C(=O)[C@H]3[C@@]1(C)CC[C@H]4C(=O)O[C@@H](C[C@]34C)c5cocc5
CHEMBL3663940,Oc1ccc(cc1O)c2ncc(s2)c3cc(O)c(O)cc3Br
CHEMBL341249,OC(=O)[C@H]1[C@H](CN2N=Nc3ccccc3C2=O)CC[C@@H]1S(=O)(=O)c4ccc(cc4)c5ccc(Cl)cc5
CHEMBL1311891,CCN1CCN(CC1)c2ccc(cc2NC(=O)COc3ccc(Cl)c(C)c3)S(=O)(=O)N4CCCCC4
CHEMBL1421679,Clc1ccccc1NC(=S)NNC(=O)c2ccccc2Br
CHEMBL254147,COc1cc2CCNC3Cc4ccccc4Cc(c1OC)c23
CHEMBL3354680,N[C@@H](Cc1c[nH]c2ccccc12)C(=O)N[C@@H](CCCNC(=N)N)C(=O)N[C@@H](CCC(=O)O)C(=O)N[C@@H](CCCNC(=N)N)C(=O)c3nc4ccccc4s3
CHEMBL1581986,CCCN1C(=S)N\C(=C/c2ccccc2OCc3ccc(cc3)C(=O)O)\C1=O
CHEMBL1600327,Cc1cc(sc1C)C(=O)Nc2ccc(Br)cn2
CHEMBL1313826,COc1ccc(NC(=O)CCCc2ccccc2)cc1OC
CHEMBL1340941,OC(=O)CCC(=O)Nc1ccccc1C(=O)NCCc2ccccc2
CHEMBL3718582,CCN(C(=O)c1cccnc1)c2cc(cc(c2)c3ccc(C)cc3)C(=O)NC(C)c4cnccn4
CHEMBL1577852,[O-][N+](=O)c1ccc2nc(NC(=O)CN3CCOCC3)sc2c1
CHEMBL1330464,CC(=C)C(=O)Nc1cccc(c1)C2=NOC3(C[C@@H](N(C3)C(=O)c4ccccc4)C(=O)N)C2
CHEMBL1203114,Cl.NC(=O)c1cc(ccc1O)C(O)CN2CCN(Cc3ccccc3)CC2
CHEMBL3658817,COC(=O)[C@H](C)NC(=O)Nc1cc2[nH]nc(c3ccnc(C)c3)c2cn1
CHEMBL1409111,CN1CCN(CCCNC(=O)c2oc(CS(=O)(=O)c3ccccc3C)cc2)CC1
CHEMBL425462,Cc1ccccc1COC(=O)N2CCC(CNc3ncccn3)CC2
CHEMBL1524024,CC(C)C[C@H](NC(=O)c1[nH]cnc1C(=O)Nc2cccc(C)c2)C(=O)OC(C)(C)C
CHEMBL3959596,Nc1ncnc(N2CCN(CC2)C(C#N)c3cccc(c3)C(F)(F)F)c1Br
CHEMBL1585718,CCS(=O)(=O)N1CCC(CC1)(NC(=O)C)c2ccccc2
CHEMBL328412,CC(C)[C@H](NC(=O)[C@H](CCC(=O)O)NC(=O)[C@@H](NC(=O)C)C(=O)O)C(=O)N[C@H]1CC(=O)OC1O
CHEMBL565587,CN1C(=O)C(=Cc2cnc(Nc3ccc(NC(=O)CCl)cc3)nc12)c4c(Cl)cccc4Cl
CHEMBL3936393,Nc1ncc(cc1C(=O)Nc2ccnnc2)c3cccc(c3)n4cccn4
CHEMBL3652377,CN([C@@H]1CC[C@@H](CS(=O)(=O)N2CCC[C@@H]2Cc3cccc(C)n3)CC1)c4ncnc5[nH]ccc45
CHEMBL4099192,O=C(C1CCN(CC1)c2cc(Oc3ccc4OCOc4c3)ncn2)N5CCc6ccccc6C5
CHEMBL4089584,CC(C)CN1C(=C(c2ccc(C)cc2)c3cc(OCC(=O)N)ccc3C1=O)CN
CHEMBL1367938,CC(=O)c1ccccc1NS(=O)(=O)c2cccc3nsnc23
CHEMBL3962932,CN(C)C1(CCC2(CC1)OCCc3c2[nH]c4ccc(F)cc34)c5ccccc5
CHEMBL1834441,FC(F)(F)c1ccccc1OC2CCN(CC2)c3nc4C=CNC(=O)c4s3
CHEMBL3661525,CC(C)n1cc(C(=O)c2cncc(NC(=O)Cn3cnc4cccc(C)c34)c2)c5cncnc15
CHEMBL3914580,Oc1ccc(cc1)[C@@H]2CCN(C[C@H]2F)[C@@H]3CCN(Cc4ccccc4)C3=O
CHEMBL1099248,Cl.N[C@@H](Cc1ccccc1)C(=O)N[C@H]2CCC(=O)N(CC(=O)NO)C2=O
CHEMBL3930258,CC(=O)c1ccc(OCc2ccc(F)cc2)cc1F
CHEMBL2407851,C[C@@H](N1C(=O)O[C@](Cc2ccccc2)(C(=O)NC3CCC3)C1=O)c4ccccc4
CHEMBL403093,Oc1ccc2c(c1)[C@@H]3Oc4ccccc4[C@H]5CC(=O)c6c(O)cc(O)c2c6[C@@H]35
CHEMBL1462087,CC(CCN1CCC(CC1)n2nccc2NC(=O)c3ccccc3)c4oc(C)cc4
CHEMBL1409120,CN1N(C(=O)C(=C1C)C2Nc3cc(C)c(C)cc3N=C4CC(C)(C)CC(=C24)O)c5ccccc5
CHEMBL3986289,C[C@H](Nc1ncnc(N)c1C#N)C2=Nn3ccnc3C(=O)N2c4ccccc4
CHEMBL1202858,Cl.CCCCCc1ncc(C(=O)O)c(NCc2ccc(cc2)c3ccccc3c4nn[nH]n4)n1
CHEMBL1480901,COC(=O)N1CCN(CC1)S(=O)(=O)c2ccc(F)cc2
CHEMBL3689204,N[C@@H]1CC[C@@H](CC1)Nc2cnc3ccc(cc3n2)C#CCNC(=O)C4=CN=CN(Cc5ccc(F)c(F)c5)C4=O
CHEMBL297207,NCc1ccccc1NC[C@@H](N)CCC\N=C(/N)\N[N+](=O)[O-]
CHEMBL1387796,CCOC(=O)CC1=C(C(=O)OCC)C2(C(=O)N1CC(=O)OC)C(=C(N)Oc3ccccc23)C#N
CHEMBL497664,CN(C)C[C@@H]1Cc2ccccc2[C@@H]1Oc3ccc(cc3)C(F)(F)F
CHEMBL1091701,CN(C)C1CCN(C1)C(=O)C2CCN(CC2)c3ccnc4c3c(\C=C\5/Oc6ccc(NC(=O)Nc7cccnc7)cc6C5=O)cn4C
CHEMBL367290,CCCN[C@]12Cc3c([nH]c4ccccc34)[C@@H]5Oc6c(OC)ccc7CC1N(CC8CC8)CCC25c67
CHEMBL442890,CC(CCOC(=O)C)N(C)C.OC(=O)C(=O)O
CHEMBL371569,C[C@@H]1CCC2=C3CO[C@]2(O)[C@H]4O[C@]4(C)CC\C=C(/C)\CC[C@]13C
CHEMBL3600554,CC1=CC2CC(C1)c3c(C2)nc4ccccc4c3NCCCCCCCCCCCCNc5c6CCCCc6nc7ccccc57
CHEMBL449779,CC(=O)N1C[C@H]2CC(=C([C@@H](C1)N2)C(=O)N(Cc3cccc(Cl)c3Cl)C4CC4)c5ccc(OCCOc6c(F)ccc(Cl)c6F)cc5
CHEMBL3925101,CCc1cc(CNc2cc(Cl)nn3c(c(C)nc23)c4ccc(OC)c(c4)S(=O)(=O)N(C)C)ccn1
CHEMBL3645321,C[C@@H](Cc1cccc(CCNC(=O)c2ccc(cc2)N(C)C(=O)CCN3CCC(CC3)OC(=O)Nc4ccccc4c5ccccc5)c1)NC[C@H](O)c6ccc(O)c7NC(=O)C=Cc67
CHEMBL316872,[Cl-].CCC[N+](C)(C)CCOc1cccnc1
CHEMBL1438868,CCOc1ccc(cc1)C(=O)NCc2occc2
CHEMBL126503,CN1C2CCC1C(C(C2)c3ccc(C)cc3)C(=O)Oc4cccc(C)c4
CHEMBL92650,CCCCC\C=C(\C1=C(C)C(=O)C(=C(C)C1=O)C)/c2cccnc2
CHEMBL3693975,CS(=O)(=O)NC(=O)[C@@H]1NC2(CCCCC2)[C@]3([C@H]1c4cccc(Cl)c4F)C(=O)Nc5cc(Cl)ccc35
CHEMBL14900,CCCCC(=O)c1ccc2N(CCN(C)C)C(=O)Sc2c1
CHEMBL3690007,Cc1ccc(NC(=O)c2nc(cnc2Nc3cncnc3)C4CC4)c(n1)C(=O)N5CCC5
CHEMBL2369161,N=C(N1CCCCCC1)\C(=N\Nc2ccccc2)\C#N
CHEMBL498660,CCCS(=O)(=O)N[C@H]([C@@H](C)CC)C(=O)N[C@@H](CCC(=O)N)C(=O)NCc1ccc(cc1)C(=N)N
CHEMBL384147,COC[C@H]1CCCN1Cc2oc3ccc(cc3c2)N4C=Nc5cc(sc5C4=O)c6ccc(Cl)cc6
CHEMBL380677,C[C@H]1C[C@@]2(C)CC[C@@](C)(C[C@@]2(C)C3=CC(=O)[C@@H]4[C@@]5(C)CC[C@H](O)C(C)(C)[C@@H]5CC[C@@]4(C)[C@]13C)C(=O)N[C@H](Cc6ccccc6)C(=O)O
CHEMBL1790811,CC[C@@H](C)[C@H](NC(=O)[C@H](CCC(=O)O)NC(=O)CC[C@@H]1NC(=O)[C@H](Cc2ccc(OP(=O)(O)O)cc2)NC1=O)C(=O)O
CHEMBL3402359,COc1cccc(Nc2ncc(F)c(Nc3cccc(OC)c3)n2)c1
CHEMBL2326691,CN1CCCCC(C1)c2ccc(Cl)c(Cl)c2
CHEMBL3403129,Nc1cnc2sc(c(c3cnccc3Cl)c2c1)S(=O)(=O)c4cc(F)cc(c4)C#N
CHEMBL3348540,COc1ccc(C[C@H](NC(=O)OC(C)(C)C)C(=O)N[C@@H](Cc2c[nH]cn2)C(=O)N[C@@H](CC3CCCCC3)[C@@H](O)[C@@H](O)CC(C)C)cc1
CHEMBL3589200,NS(=O)(=O)c1ccc(NC(=O)Nc2ccc(cc2)\N=C\3/C(=O)Nc4ccc(Cl)cc34)cc1
CHEMBL174947,CCC(=O)N(c1ccccc1)C2(COC(=O)OC)CCN(CCc3cccs3)CC2
CHEMBL1744059,COc1ccc(cc1OC)c2cnc(nc2)N3Cc4c(O)c5ccccc5nc4[C@H]3c6ccc7OCOc7c6
CHEMBL4112904,C[C@@H](Oc1cc(F)ccc1Nc2ncnc3cc(cc(F)c23)N=S4(=O)CCC4)C(=O)N[C@@H](C)C(F)(F)F
CHEMBL4062045,NCCCNC(=O)\C=C\c1ccc(cc1)C(=C2C3CC4CC(CC2C4)C3)c5ccc(O)cc5
CHEMBL3696774,Cc1ccc(nc1)c2cccc(n2)N3CCC(CC3)NS(=O)(=O)C
CHEMBL4059563,O[C@H](COC(=O)N1C[C@@H]2[C@H](C1)[C@H]2c3ccn(n3)c4ccc(F)cc4)C(F)(F)F
CHEMBL1596097,COc1ccc(cc1)C2=NN(C(C2)c3ccccc3O)C(=O)c4cccs4
CHEMBL135498,CN1C(=O)C(NC(=O)Nc2cccc(C)c2)N=C(c3ccccc3)c4cccnc14
CHEMBL4093021,CC(C)(C)c1cc2ncnc(c2s1)n3nc(Nc4ccc(N5CCN(CC5)C6CC7CCC6C7)c(Cl)c4)nc3N
CHEMBL1305079,[O-][N+](=O)c1ccccc1OCc2onc(n2)c3cccs3
CHEMBL3577423,C[C@H](NC(=O)[C@@H](CC1CCCCC1)NC(=O)N[C@@H](CCCCN)C(=O)O)c2ccc(Cl)cc2
CHEMBL426204,OC(=O)c1cccc(\C=N\NC(=S)NC2CCCCC2)c1
CHEMBL2040854,Cc1cccnc1CN2CCC3(CC2)N(C(=O)N(C3=O)c4ccc(nc4)c5ccc(cc5C)C(=O)O)c6cc(O)ncn6
CHEMBL261639,Cc1cnc(Sc2nc3cc(Cl)c(Cl)cc3nc2C(F)(F)F)s1
CHEMBL30551,COc1cc2c(Nc3ccc(CCc4ccccc4)cc3)c(cnc2cc1OCCCN5CCOCC5)C#N
CHEMBL4094980,COC(=O)[C@@H]1O[C@@H]2O[C@H]1C(=S)N(Cc3ccccc3)[C@H]2Cc4ccccc4
CHEMBL3672955,Fc1cc(ccc1NC(=O)Nc2ccc(nc2)C(F)(F)F)[C@H]3CNCCO3
CHEMBL3729687,Oc1ccc(C(=O)N(Cc2ccccc2)c3ccc(cc3)c4ncnc5ccc(Cl)cc45)c(O)c1
CHEMBL1357252,O.N[C@H](C(=O)N[C@H]1[C@@H]2SCC(=C(N2C1=O)C(=O)O)Cl)c3ccccc3
CHEMBL3891254,FC(F)Oc1ccc(Cl)cc1c2nn(CC(=O)N3CCC4(CCN(CC5CCN(CC5)C(=O)OCc6ccccc6)C4)CC3)cc2NC(=O)c7cnn8cccnc78
CHEMBL301349,Cn1cc(C2=C(C(=O)NC2=O)c3cn(C)c4cccc(c34)[N+](=O)[O-])c5ccccc15
CHEMBL196312,CC[C@H]1Cn2nc(c3ccc(OC)cc3C)c4nc(C)cc(N1CC5CC5)c24
CHEMBL3286586,Fc1ccc(cc1)S(=O)(=O)n2cc3CC4CNCCN4c5cccc2c35
CHEMBL3921422,C[C@H](N)C\C=C\c1ccccc1
CHEMBL67773,COc1ccccc1OCCN2CCN(CC2)C3=NN(CCCCCCN4CCN(CC4)c5ccccc5OC)C(=O)C=C3
CHEMBL495731,CCCCc1ccc(cc1)c2ccc3c(CC)c([nH]c3c2F)c4ccc(C(=O)O)c(O)c4
CHEMBL4101542,Cc1n[nH]c2ccc(cc12)c3cc(N[C@@H](CO)c4ccccc4)cnc3c5cocc5
CHEMBL3986638,C[C@@H]1CN(Cc2ccccc2)c3cnc(Cl)cc3[C@H](C)N1C(=O)NCc4ccccc4
CHEMBL168533,Oc1ccc(O)c(CNc2ccc(O)c(c2)C(=O)OCCCc3ccccc3)c1
CHEMBL1584161,NC(=O)c1ccsc1NC(=O)Cc2ccc(cc2)[N+](=O)[O-]
CHEMBL3696500,C[C@@H]1CN(CC(=O)N2CCc3ccc(Cc4ccccc4)cc23)CCN1
CHEMBL3104656,Cc1ccc2nc(\C=C\3/NC(=O)CS3)[nH]c2c1C
CHEMBL3098605,Cc1ccc(NC(=O)CCCCCCC(=O)NO)cc1
CHEMBL1628029,CC(C)CCC[C@@H](C)CCC[C@@H](C)CCC[C@@H]1Cc2cc(O)ccc2[C@H]3CC[C@]4(C)[C@@H](O)CC[C@H]4[C@H]13
CHEMBL3675668,OC(=O)Cc1cc(C2CCN(CC2)S(=O)(=O)c3ccc(Cl)cc3)c4cc(F)ccc4c1
CHEMBL3961259,Cc1cc(N)nc(C)c1CNC(=O)c2cnn(Cc3ccc(CO)cc3)c2
CHEMBL1254939,Nc1nc(N)c2nc(CNc3ccc(cc3)C(=O)NCCc4ccc(cc4)S(=O)(=O)N)cnc2n1
CHEMBL1742070,Clc1ccccc1CNC(=O)c2cnccn2
CHEMBL3142324,COC(=O)C[C@H](O)[C@H](CC(C)C)NC(=O)[C@H](C)NC(=O)C[C@H](O)[C@H](CC(C)C)NC(=O)C(NC(=O)[C@H](Cc1ccccc1)NC(=O)OC(C)(C)C)C2CCCCC2
CHEMBL194449,CC(C)(C)c1ccc(cc1)\C(=C\C(=O)Nc2ccc3OCCOc3c2)\c4cccnc4
CHEMBL4084931,S=C1OC(=NN1CN2CCN(Cc3ccccc3)CC2)c4ccc5OCCOc5c4
CHEMBL3955722,CNC(=O)c1cccc(Nc2ccnc(c2)N3CC(C3)Oc4ccc(Cl)cc4F)c1
CHEMBL3792517,CCCN(CCC)c1ccc(Cl)c2nc(Nc3c(C)cc(Cl)cc3OC)n(C)c12
CHEMBL3979908,COc1cc(F)cc(c1)N(CC=C)c2ccc3ncc(nc3c2)c4cnn(C)c4
CHEMBL312791,CC(C)OC(Cc1ccc(OCc2noc(n2)c3ccc(cc3)C(F)(F)F)cc1)C(=O)O
CHEMBL2182071,O=C(Nc1cccc(Nc2ccc3C(=O)c4ccccc4CCc3c2)c1)c5cocc5
CHEMBL4097953,NC1CCN(CC1)C(=O)CN(Cc2ccc(C#N)c(F)c2)c3ccc(cc3)C#N
CHEMBL212578,O=C(Nc1cc(ccc1N2CCN(Cc3ccccc3)CC2)c4ccccc4)C5=Cc6ccccc6OC5=O
CHEMBL1726290,CC(=NNC(=S)N(Cc1ccccn1)Cc2ccccn2)c3cnccn3
CHEMBL3260813,OC(=O)c1nc(c2ccccc2)n(c3cccc(Cl)c3F)c1c4ccc(F)c(Cl)c4
CHEMBL3214063,CCN1\C(=N\C(=O)C2COc3ccccc3O2)\Sc4c(OC)ccc(OC)c14
CHEMBL1086860,Cc1ccc(NC(=O)c2cc(n[nH]2)C3CC3)cc1Nc4nc5ccccc5n4c6cc(N)ncn6
CHEMBL45388,Clc1cc(Cl)cc(Nc2nccc(n2)n3ccnc3c4ccccc4)c1
CHEMBL438258,CCOC(=O)C(F)(F)N1C=C(C=CC1=O)c2ccc(cc2)[C@H](C)[C@H](N)C(=O)N3CC[C@H](F)C3.OC(=O)C(F)(F)F
CHEMBL271512,CNCCCNc1oc(nn1)c2cn3ncnc(Nc4cc(C(=O)NC5CC5)c(F)cc4F)c3c2C(C)C
CHEMBL3730930,Nc1ncc(cn1)c2cc(nc(n2)N3CCC4(CC3)CC4)N5C[C@@H]6C[C@H]5CO6
CHEMBL1778733,CCc1oc(nc1CCc2noc3cc(OC(C)(C)C(=O)O)ccc23)c4ccccc4
CHEMBL3982227,Clc1ccccc1S(=O)(=O)Nc2ccc(Oc3ccccc3)cc2
CHEMBL1809201,COc1cc(ccc1Nc2ncc(Cl)c(n2)c3cnc4c(N)cccn34)N5CCN(CC5)C(=O)C
CHEMBL453631,CNC(C)c1cc(C)ccc1Oc2ccc(Cl)c(Cl)c2
CHEMBL1258787,Cc1ccccc1c2ccc(NC[C@@H]3CC[C@@]4(CC3)CN(C(=O)O4)c5cccnn5)nn2
CHEMBL76919,CCCCCCCCCCCCn1nnc(n1)C(C)C(=O)Nc2c(OC)cc(OC)cc2OC
CHEMBL1802335,Oc1ccc(N2C(=O)Nc3ccccc23)c(O)c1
CHEMBL1325440,Cc1oc(\C=C/2\C(=O)c3ccc(cc3C2=O)C(=O)O)cc1
CHEMBL191933,C[C@H]([C@H](N)C(=O)N1CC[C@H](F)C1)c2ccc(cc2)c3ccccc3.OC(=O)C(F)(F)F
CHEMBL434522,CSc1nn(c(N)c1c2ccc(s2)C(=O)C)c3c(Cl)cc(cc3Cl)C(F)(F)F
CHEMBL1305022,CC(C)(C)NN=C(S)Nc1ccc(cc1)S(=O)(=O)N2CCOCC2
CHEMBL1482765,CCN(C(=O)CN1C(=O)N=C(c2ccccc2)c3cc(Cl)ccc13)c4cccc(C)c4
CHEMBL413748,CN1CCN(CC1)C(=O)CCCOc2cc(ccc2NC(=O)c3ccccc3c4ccccc4)C(=O)N5CCCCc6sccc56
CHEMBL2094833,Oc1ccc(Cl)cc1\C=N\NC(=O)c2ccccc2Br
CHEMBL1946296,CCCCC#Cc1nc(NCc2cccc(Br)c2)c3ncn([C@@H]4SC[C@@H](O)[C@H]4O)c3n1
CHEMBL141753,NS(=O)(=O)c1nc2ccc(NS(=O)(=O)C(F)(F)C(F)(F)C(F)(F)C(F)(F)F)cc2s1
CHEMBL494619,O=C(Nc1cccc2ccccc12)N3Cc4ccccc4N(CCN5CCOCC5)C3=O
CHEMBL193901,CC(CCc1ccccc1)Nc2c(F)c(Oc3cccc(c3)C(=N)N)nc(Oc4ccc(cc4C(=O)O)C(=O)NCc5cccc(O)c5)c2F.OC(=O)C(F)(F)F
CHEMBL436818,CN1CCN(Cc2sc(C(=O)Nc3ccc(Cl)cc3C(=O)Nc4ccc(Cl)cc4)c(Cl)c2C)CC1
CHEMBL221264,Cc1cc(nc(n1)n2ccnc2)N3CCCCC3CC(=O)NCc4ccc5OCOc5c4
CHEMBL3661478,CC(C)n1cc(C(=O)c2cncc(NC(=O)Cc3ccc4onc(N)c4c3)c2)c5cncnc15
CHEMBL406291,N[C@@H](CCCNC(=N)N)C(=O)N1CCC[C@H]1C(=O)N2CCC[C@H]2C(=O)NCC(=O)N[C@@H](Cc3ccccc3)C(=O)N[C@@H](CO)C(=O)N4CCC[C@H]4C(=O)N[C@@H](Cc5ccccc5)C(=O)N[C@@H](CCCNC(=N)N)C(=O)O
CHEMBL1415455,CCCN1Cc2cccc(C(=O)NC(CC(=O)OCC)c3ccc(C)cc3)c2C1=O
CHEMBL6826,CN1Cc2c(ncn2c3ccc(Cl)cc3C1=O)C(=O)OCCC(C)(C)C
CHEMBL3974061,CCCN(CC1CC1)c2cc(ncn2)C(=O)Nc3ccc(CNCCC(=O)O)cc3C
CHEMBL3939385,CCN(CC)c1ccc(cc1)c2ccc3cc(OCC(O)CF)ccc3n2
CHEMBL3696085,NC(=O)c1c(NC(=O)NCCCO)snc1c2ccc(N)cc2
